ano_formatura_ensino_medio;termo_estado;idade;genero;estado_civil_alunos;nacionalidade;razao_inatividade;tipo_admissao;termo_admissao;politica_afirmativa;tipo_ensino_medio;codigo_curso;codigo_curricular;alunos_ativos;ex_alunos;alunos_inativos
2001;2009.2;41;masculino;casado;BRASILEIRA;DESCONHECIDO;vestibular;2002.2;A0;PRIVADA;14102100;1999;FALSE;TRUE;FALSE
2002;2007.1;39;masculino;solteiro;BRASILEIRA;DESCONHECIDO;vestibular;2003.1;A0;PRIVADA;14102100;1999;FALSE;TRUE;FALSE
2002;2007.1;40;masculino;solteiro;BRASILEIRA;DESCONHECIDO;vestibular;2003.1;A0;PRIVADA;14102100;1999;FALSE;TRUE;FALSE
2003;2012.1;38;masculino;casado;BRASILEIRA;DESCONHECIDO;vestibular;2004.2;A0;PRIVADA;14102100;1999;FALSE;TRUE;FALSE
2003;2008.2;38;masculino;solteiro;BRASILEIRA;EXPULSAO;vestibular;2005.2;A0;PRIVADA;14102100;1999;FALSE;FALSE;TRUE
2005;2010.1;35;masculino;solteiro;BRASILEIRA;DESCONHECIDO;vestibular;2006.1;A0;PRIVADA;14102100;1999;FALSE;TRUE;FALSE
2005;2010.1;36;masculino;solteiro;BRASILEIRA;DESCONHECIDO;vestibular;2006.1;A0;PRIVADA;14102100;1999;FALSE;TRUE;FALSE
2006;2012.1;35;feminino;solteiro;BRASILEIRA;DESCONHECIDO;vestibular;2007.1;A0;PRIVADA;14102100;1999;FALSE;TRUE;FALSE
2013;2011.1;38;masculino;solteiro;BRASILEIRA;REINGRESSO;vestibular;2007.2;A0;PRIVADA;14102100;1999;FALSE;FALSE;TRUE
2002;2012.1;39;masculino;solteiro;BRASILEIRA;DESCONHECIDO;vestibular;2008.1;A0;PRIVADA;14102100;1999;FALSE;TRUE;FALSE
2007;2012.1;34;masculino;solteiro;BRASILEIRA;DESCONHECIDO;vestibular;2008.1;A0;PRIVADA;14102100;1999;FALSE;TRUE;FALSE
2007;2012.1;35;feminino;solteiro;BRASILEIRA;DESCONHECIDO;vestibular;2008.1;A0;PRIVADA;14102100;1999;FALSE;TRUE;FALSE
2002;2009.2;39;masculino;solteiro;BRASILEIRA;DESCONHECIDO;vestibular;2008.2;A0;PRIVADA;14102100;1999;FALSE;TRUE;FALSE
2016;2012.1;34;masculino;solteiro;BRASILEIRA;DESCONHECIDO;vestibular;2008.2;A0;PRIVADA;14102100;1999;FALSE;TRUE;FALSE
2006;2014.1;33;masculino;solteiro;BRASILEIRA;DESCONHECIDO;vestibular;2008.2;A0;PRIVADA;14102100;1999;FALSE;TRUE;FALSE
2006;2013.1;35;masculino;solteiro;BRASILEIRA;DESCONHECIDO;decisao_judicial_adm;2008.2;A0;PRIVADA;14102100;1999;FALSE;TRUE;FALSE
2003;2013.1;38;masculino;casado;BRASILEIRA;DESCONHECIDO;transferencia;2009.1;A0;PRIVADA;14102100;1999;FALSE;TRUE;FALSE
1998;2013.1;43;masculino;solteiro;BRASILEIRA;EXPULSAO;vestibular;2009.1;A0;PRIVADA;14102100;1999;FALSE;FALSE;TRUE
2008;2015.1;33;masculino;solteiro;BRASILEIRA;DESCONHECIDO;vestibular;2009.1;A0;PRIVADA;14102100;1999;FALSE;TRUE;FALSE
2008;2015.1;33;masculino;solteiro;BRASILEIRA;DESCONHECIDO;vestibular;2009.1;A0;PRIVADA;14102100;1999;FALSE;TRUE;FALSE
2006;2015.2;35;masculino;solteiro;BRASILEIRA;DESCONHECIDO;vestibular;2009.1;A0;PUBLICA;14102100;1999;FALSE;TRUE;FALSE
2006;2015.1;36;masculino;solteiro;BRASILEIRA;DESCONHECIDO;vestibular;2009.1;A0;PRIVADA;14102100;1999;FALSE;TRUE;FALSE
2008;2015.1;32;masculino;solteiro;BRASILEIRA;EXPULSAO;vestibular;2009.1;A0;PRIVADA;14102100;1999;FALSE;FALSE;TRUE
2004;2014.2;38;feminino;solteiro;BRASILEIRA;DESCONHECIDO;vestibular;2009.1;A0;PRIVADA;14102100;1999;FALSE;TRUE;FALSE
2008;2014.2;34;masculino;solteiro;BRASILEIRA;DESCONHECIDO;vestibular;2009.1;A0;PRIVADA;14102100;1999;FALSE;TRUE;FALSE
2008;2015.1;33;masculino;solteiro;BRASILEIRA;DESCONHECIDO;vestibular;2009.1;A0;PRIVADA;14102100;1999;FALSE;TRUE;FALSE
2007;2016.2;34;masculino;solteiro;BRASILEIRA;EXPULSAO;vestibular;2009.1;A0;PRIVADA;14102100;1999;FALSE;FALSE;TRUE
2008;2014.2;33;masculino;solteiro;BRASILEIRA;DESCONHECIDO;vestibular;2009.2;A0;PRIVADA;14102100;1999;FALSE;TRUE;FALSE
2008;2014.2;33;masculino;solteiro;BRASILEIRA;DESCONHECIDO;vestibular;2009.2;A0;PRIVADA;14102100;1999;FALSE;TRUE;FALSE
2008;2013.1;32;feminino;solteiro;BRASILEIRA;DESCONHECIDO;vestibular;2009.2;A0;PRIVADA;14102100;1999;FALSE;TRUE;FALSE
2008;2015.2;33;feminino;solteiro;BRASILEIRA;DESCONHECIDO;vestibular;2009.2;A0;PRIVADA;14102100;1999;FALSE;TRUE;FALSE
2009;2014.2;33;masculino;solteiro;BRASILEIRA;DESCONHECIDO;vestibular;2009.2;A0;PRIVADA;14102100;1999;FALSE;TRUE;FALSE
2008;2014.1;33;masculino;solteiro;BRASILEIRA;DESCONHECIDO;vestibular;2009.2;A0;PRIVADA;14102100;1999;FALSE;TRUE;FALSE
2007;2014.2;36;masculino;solteiro;BRASILEIRA;DESCONHECIDO;vestibular;2009.2;A0;PRIVADA;14102100;1999;FALSE;TRUE;FALSE
2008;2012.2;33;masculino;solteiro;BRASILEIRA;TRANSFERENCIA;decisao_judicial_adm;2009.2;A0;PRIVADA;14102100;1999;FALSE;FALSE;TRUE
2007;2015.1;34;masculino;solteiro;BRASILEIRA;DESCONHECIDO;decisao_judicial_adm;2009.2;A0;PUBLICA;14102100;1999;FALSE;TRUE;FALSE
2008;2017.2;32;masculino;solteiro;BRASILEIRA;DESCONHECIDO;vestibular;2010.1;A0;PRIVADA;14102100;1999;FALSE;TRUE;FALSE
2009;2015.1;32;masculino;solteiro;BRASILEIRA;DESCONHECIDO;vestibular;2010.1;A0;PRIVADA;14102100;1999;FALSE;TRUE;FALSE
2009;2016.1;32;masculino;solteiro;BRASILEIRA;DESCONHECIDO;vestibular;2010.1;A0;PRIVADA;14102100;1999;FALSE;TRUE;FALSE
2002;2016.1;44;masculino;solteiro;BRASILEIRA;DESCONHECIDO;vestibular;2010.1;A0;PRIVADA;14102100;1999;FALSE;TRUE;FALSE
2009;2016.1;32;feminino;solteiro;BRASILEIRA;DESCONHECIDO;vestibular;2010.1;A0;PRIVADA;14102100;1999;FALSE;TRUE;FALSE
2005;2014.2;37;masculino;solteiro;BRASILEIRA;DESCONHECIDO;vestibular;2010.1;A0;PRIVADA;14102100;1999;FALSE;TRUE;FALSE
2010;2015.1;32;masculino;solteiro;BRASILEIRA;DESCONHECIDO;vestibular;2010.1;A0;PRIVADA;14102100;1999;FALSE;TRUE;FALSE
2009;2012.2;31;masculino;solteiro;BRASILEIRA;TRANSFERENCIA;vestibular;2010.1;A0;PRIVADA;14102100;1999;FALSE;FALSE;TRUE
2009;2015.1;32;masculino;solteiro;BRASILEIRA;DESCONHECIDO;vestibular;2010.1;A0;PUBLICA;14102100;1999;FALSE;TRUE;FALSE
2009;2015.1;32;masculino;solteiro;BRASILEIRA;DESCONHECIDO;vestibular;2010.1;A0;PRIVADA;14102100;1999;FALSE;TRUE;FALSE
2008;2014.2;35;masculino;solteiro;BRASILEIRA;DESCONHECIDO;vestibular;2010.1;A0;PRIVADA;14102100;1999;FALSE;TRUE;FALSE
2009;2014.2;32;feminino;solteiro;BRASILEIRA;DESCONHECIDO;vestibular;2010.1;A0;PRIVADA;14102100;1999;FALSE;TRUE;FALSE
2009;2016.1;34;masculino;solteiro;BRASILEIRA;DESCONHECIDO;vestibular;2010.1;A0;PUBLICA;14102100;1999;FALSE;TRUE;FALSE
2009;2015.2;31;masculino;solteiro;BRASILEIRA;EXPULSAO;vestibular;2010.1;A0;PRIVADA;14102100;1999;FALSE;FALSE;TRUE
2009;2015.1;32;masculino;solteiro;BRASILEIRA;REINGRESSO;vestibular;2010.1;A0;PUBLICA;14102100;1999;FALSE;FALSE;TRUE
2009;2015.1;32;feminino;solteiro;BRASILEIRA;DESCONHECIDO;vestibular;2010.1;A0;PRIVADA;14102100;1999;FALSE;TRUE;FALSE
2009;2013.2;32;masculino;solteiro;BRASILEIRA;DESCONHECIDO;vestibular;2010.1;A0;PRIVADA;14102100;1999;FALSE;TRUE;FALSE
2009;2014.2;32;masculino;desconhecido;BRASILEIRA;DESCONHECIDO;vestibular;2010.1;A0;MAJORITARIAMENTE_PRIVADA;14102100;1999;FALSE;TRUE;FALSE
2009;2015.1;31;masculino;solteiro;BRASILEIRA;DESCONHECIDO;vestibular;2010.1;A0;PUBLICA;14102100;1999;FALSE;TRUE;FALSE
2006;2015.2;35;masculino;solteiro;BRASILEIRA;DESCONHECIDO;vestibular;2010.1;A0;PRIVADA;14102100;1999;FALSE;TRUE;FALSE
2009;2015.1;32;masculino;solteiro;BRASILEIRA;DESCONHECIDO;vestibular;2010.1;A0;PRIVADA;14102100;1999;FALSE;TRUE;FALSE
2009;2015.1;32;masculino;solteiro;BRASILEIRA;DESCONHECIDO;vestibular;2010.1;A0;PRIVADA;14102100;1999;FALSE;TRUE;FALSE
2009;2014.2;32;masculino;solteiro;BRASILEIRA;DESCONHECIDO;vestibular;2010.1;A0;PRIVADA;14102100;1999;FALSE;TRUE;FALSE
2006;2016.1;32;masculino;solteiro;BRASILEIRA;REINGRESSO;vestibular;2010.1;A0;PRIVADA;14102100;1999;FALSE;FALSE;TRUE
2008;2016.1;33;masculino;solteiro;BRASILEIRA;DESCONHECIDO;vestibular;2010.1;A0;PRIVADA;14102100;1999;FALSE;TRUE;FALSE
2009;2014.2;33;masculino;solteiro;BRASILEIRA;DESCONHECIDO;vestibular;2010.1;A0;PUBLICA;14102100;1999;FALSE;TRUE;FALSE
1997;2015.1;45;masculino;solteiro;BRASILEIRA;DESCONHECIDO;vestibular;2010.1;A0;PRIVADA;14102100;1999;FALSE;TRUE;FALSE
2009;2016.1;31;masculino;solteiro;BRASILEIRA;DESCONHECIDO;vestibular;2010.1;A0;PRIVADA;14102100;1999;FALSE;TRUE;FALSE
2007;2015.1;34;masculino;solteiro;BRASILEIRA;DESCONHECIDO;vestibular;2010.1;A0;PRIVADA;14102100;1999;FALSE;TRUE;FALSE
2013;2015.2;38;masculino;casado;BRASILEIRA;DESCONHECIDO;vestibular;2010.1;A0;PRIVADA;14102100;1999;FALSE;TRUE;FALSE
2009;2015.2;32;masculino;solteiro;BRASILEIRA;DESCONHECIDO;vestibular;2010.2;A0;PUBLICA;14102100;1999;FALSE;TRUE;FALSE
2009;2018.2;32;masculino;solteiro;BRASILEIRA;DESCONHECIDO;vestibular;2010.2;A0;PRIVADA;14102100;1999;FALSE;TRUE;FALSE
2009;2016.2;32;masculino;solteiro;BRASILEIRA;DESCONHECIDO;vestibular;2010.2;A0;PUBLICA;14102100;1999;FALSE;TRUE;FALSE
2008;2015.2;33;masculino;solteiro;BRASILEIRA;REINGRESSO;vestibular;2010.2;A0;PRIVADA;14102100;1999;FALSE;FALSE;TRUE
2009;2014.2;32;masculino;solteiro;BRASILEIRA;DESCONHECIDO;vestibular;2010.2;A0;PUBLICA;14102100;1999;FALSE;TRUE;FALSE
2005;2015.1;37;masculino;solteiro;BRASILEIRA;DESCONHECIDO;vestibular;2010.2;A0;PRIVADA;14102100;1999;FALSE;TRUE;FALSE
2008;2015.1;34;masculino;casado;BRASILEIRA;DESCONHECIDO;vestibular;2010.2;A0;PRIVADA;14102100;1999;FALSE;TRUE;FALSE
2009;2015.2;32;masculino;solteiro;BRASILEIRA;DESCONHECIDO;vestibular;2010.2;A0;PRIVADA;14102100;1999;FALSE;TRUE;FALSE
2009;2015.1;33;masculino;solteiro;BRASILEIRA;DESCONHECIDO;vestibular;2010.2;A0;PRIVADA;14102100;1999;FALSE;TRUE;FALSE
2008;2014.2;34;masculino;solteiro;BRASILEIRA;DESCONHECIDO;vestibular;2010.2;A0;PRIVADA;14102100;1999;FALSE;TRUE;FALSE
2006;2015.2;35;masculino;solteiro;BRASILEIRA;DESCONHECIDO;vestibular;2010.2;A0;PRIVADA;14102100;1999;FALSE;TRUE;FALSE
2009;2015.2;32;masculino;solteiro;BRASILEIRA;DESCONHECIDO;vestibular;2010.2;A0;PRIVADA;14102100;1999;FALSE;TRUE;FALSE
2009;2015.2;32;masculino;solteiro;BRASILEIRA;REINGRESSO;vestibular;2010.2;A0;PUBLICA;14102100;1999;FALSE;FALSE;TRUE
2008;2015.1;34;masculino;solteiro;BRASILEIRA;REINGRESSO;vestibular;2010.2;A0;PRIVADA;14102100;1999;FALSE;FALSE;TRUE
2009;2015.2;32;masculino;solteiro;BRASILEIRA;DESCONHECIDO;vestibular;2010.2;A0;PRIVADA;14102100;1999;FALSE;TRUE;FALSE
2013;2012.1;35;masculino;solteiro;BRASILEIRA;EXPULSAO;vestibular;2010.2;A0;PRIVADA;14102100;1999;FALSE;FALSE;TRUE
2003;2016.2;38;masculino;solteiro;BRASILEIRA;DESCONHECIDO;vestibular;2010.2;A0;PRIVADA;14102100;1999;FALSE;TRUE;FALSE
2009;2015.1;33;masculino;solteiro;BRASILEIRA;DESCONHECIDO;vestibular;2010.2;A0;PRIVADA;14102100;1999;FALSE;TRUE;FALSE
2009;2013.2;32;masculino;solteiro;BRASILEIRA;REINGRESSO;vestibular;2010.2;A0;PRIVADA;14102100;1999;FALSE;FALSE;TRUE
2009;2014.2;34;masculino;solteiro;BRASILEIRA;DESCONHECIDO;vestibular;2010.2;A0;PRIVADA;14102100;1999;FALSE;TRUE;FALSE
2018;2015.1;34;feminino;solteiro;BRASILEIRA;EXPULSAO;vestibular;2010.2;A0;PRIVADA;14102100;1999;FALSE;FALSE;TRUE
2009;2012.1;33;masculino;solteiro;BRASILEIRA;TRANSFERENCIA;vestibular;2010.2;A0;PRIVADA;14102100;1999;FALSE;FALSE;TRUE
2009;2015.1;32;masculino;solteiro;BRASILEIRA;ABANDONO;vestibular;2010.2;A0;PRIVADA;14102100;1999;FALSE;FALSE;TRUE
2009;2012.2;31;masculino;solteiro;BRASILEIRA;REINGRESSO;vestibular;2010.2;A0;MAJORITARIAMENTE_PRIVADA;14102100;1999;FALSE;FALSE;TRUE
2009;2015.1;33;masculino;solteiro;BRASILEIRA;REINGRESSO;vestibular;2010.2;A0;PRIVADA;14102100;1999;FALSE;FALSE;TRUE
2009;2015.2;31;masculino;solteiro;BRASILEIRA;DESCONHECIDO;vestibular;2010.2;A0;PUBLICA;14102100;1999;FALSE;TRUE;FALSE
2017;2015.1;34;feminino;solteiro;BRASILEIRA;EXPULSAO;vestibular;2010.2;A0;PRIVADA;14102100;1999;FALSE;FALSE;TRUE
2009;2014.2;32;masculino;solteiro;BRASILEIRA;DESCONHECIDO;vestibular;2010.2;A0;PRIVADA;14102100;1999;FALSE;TRUE;FALSE
2008;2016.1;33;masculino;solteiro;BRASILEIRA;DESCONHECIDO;vestibular;2010.2;A0;PUBLICA;14102100;1999;FALSE;TRUE;FALSE
2008;2013.1;33;masculino;solteiro;BRASILEIRA;TRANSFERENCIA;vestibular;2010.2;A0;PUBLICA;14102100;1999;FALSE;FALSE;TRUE
2009;2016.2;32;feminino;solteiro;BRASILEIRA;REINGRESSO;vestibular;2011.1;A0;PRIVADA;14102100;1999;FALSE;FALSE;TRUE
2010;2015.2;31;masculino;solteiro;BRASILEIRA;DESCONHECIDO;vestibular;2011.1;A0;PRIVADA;14102100;1999;FALSE;TRUE;FALSE
2010;2018.2;31;masculino;solteiro;BRASILEIRA;CANCELAMENTO;vestibular;2011.1;A0;PRIVADA;14102100;1999;FALSE;FALSE;TRUE
2000;2015.2;42;masculino;solteiro;BRASILEIRA;ABANDONO;vestibular;2011.1;A0;PRIVADA;14102100;1999;FALSE;FALSE;TRUE
2010;2015.2;31;masculino;solteiro;BRASILEIRA;DESCONHECIDO;vestibular;2011.1;A0;PRIVADA;14102100;1999;FALSE;TRUE;FALSE
2008;2015.1;32;masculino;solteiro;BRASILEIRA;DESCONHECIDO;vestibular;2011.1;A0;PRIVADA;14102100;1999;FALSE;TRUE;FALSE
2010;2017.1;31;masculino;solteiro;BRASILEIRA;DESCONHECIDO;vestibular;2011.1;A0;PRIVADA;14102100;1999;FALSE;TRUE;FALSE
2010;2015.1;30;masculino;solteiro;BRASILEIRA;DESCONHECIDO;vestibular;2011.1;A0;PRIVADA;14102100;1999;FALSE;TRUE;FALSE
2010;2016.1;31;masculino;solteiro;BRASILEIRA;ABANDONO;vestibular;2011.1;A0;PRIVADA;14102100;1999;FALSE;FALSE;TRUE
2010;2016.1;32;feminino;solteiro;BRASILEIRA;DESCONHECIDO;vestibular;2011.1;A0;DESCONHECIDA;14102100;1999;FALSE;TRUE;FALSE
2003;2015.1;38;masculino;solteiro;BRASILEIRA;REINGRESSO;vestibular;2011.1;A0;PRIVADA;14102100;1999;FALSE;FALSE;TRUE
2004;2015.1;37;masculino;solteiro;BRASILEIRA;DESCONHECIDO;vestibular;2011.1;A0;PRIVADA;14102100;1999;FALSE;TRUE;FALSE
2010;2016.1;31;masculino;solteiro;BRASILEIRA;DESCONHECIDO;vestibular;2011.1;A0;PRIVADA;14102100;1999;FALSE;TRUE;FALSE
2002;2015.2;39;masculino;casado;BRASILEIRA;DESCONHECIDO;vestibular;2011.1;A0;PRIVADA;14102100;1999;FALSE;TRUE;FALSE
2008;2015.2;34;masculino;solteiro;BRASILEIRA;DESCONHECIDO;vestibular;2011.1;A0;PUBLICA;14102100;1999;FALSE;TRUE;FALSE
2003;2016.1;39;masculino;solteiro;BRASILEIRA;EXPULSAO;vestibular;2011.1;A0;PRIVADA;14102100;1999;FALSE;FALSE;TRUE
2010;2016.1;30;masculino;solteiro;BRASILEIRA;REINGRESSO;vestibular;2011.1;A0;PUBLICA;14102100;1999;FALSE;FALSE;TRUE
2010;2015.2;29;masculino;solteiro;BRASILEIRA;ABANDONO;vestibular;2011.1;A0;PRIVADA;14102100;1999;FALSE;FALSE;TRUE
2010;2016.1;32;masculino;solteiro;BRASILEIRA;DESCONHECIDO;vestibular;2011.1;A0;PRIVADA;14102100;1999;FALSE;TRUE;FALSE
2010;2016.1;31;masculino;solteiro;BRASILEIRA;DESCONHECIDO;vestibular;2011.1;A0;PRIVADA;14102100;1999;FALSE;TRUE;FALSE
2005;2015.2;37;masculino;solteiro;BRASILEIRA;DESCONHECIDO;vestibular;2011.1;A0;PRIVADA;14102100;1999;FALSE;TRUE;FALSE
2008;2014.2;33;masculino;solteiro;BRASILEIRA;DESCONHECIDO;vestibular;2011.1;A0;PRIVADA;14102100;1999;FALSE;TRUE;FALSE
2003;2015.2;38;masculino;solteiro;BRASILEIRA;DESCONHECIDO;vestibular;2011.1;A0;PRIVADA;14102100;1999;FALSE;TRUE;FALSE
2010;2016.2;31;masculino;solteiro;BRASILEIRA;DESCONHECIDO;vestibular;2011.1;A0;PRIVADA;14102100;1999;FALSE;TRUE;FALSE
2010;2017.1;31;masculino;solteiro;BRASILEIRA;DESCONHECIDO;vestibular;2011.1;A0;PRIVADA;14102100;1999;FALSE;TRUE;FALSE
1987;2014.1;56;masculino;casado;BRASILEIRA;DESCONHECIDO;reingresso;2014.1;A0;PRIVADA;14102100;1999;FALSE;TRUE;FALSE
2007;2016.1;34;masculino;solteiro;BRASILEIRA;DESCONHECIDO;vestibular;2011.1;A0;PRIVADA;14102100;1999;FALSE;TRUE;FALSE
2010;2016.2;31;masculino;solteiro;BRASILEIRA;DESCONHECIDO;vestibular;2011.1;A0;PRIVADA;14102100;1999;FALSE;TRUE;FALSE
2010;2016.1;31;masculino;solteiro;BRASILEIRA;DESCONHECIDO;vestibular;2011.1;A0;PRIVADA;14102100;1999;FALSE;TRUE;FALSE
2010;2016.1;32;feminino;solteiro;BRASILEIRA;DESCONHECIDO;vestibular;2011.1;A0;PUBLICA;14102100;1999;FALSE;TRUE;FALSE
2009;2014.2;33;feminino;solteiro;BRASILEIRA;EXPULSAO;vestibular;2011.1;A0;MAJORITARIAMENTE_PRIVADA;14102100;1999;FALSE;FALSE;TRUE
2003;2016.1;38;masculino;solteiro;BRASILEIRA;DESCONHECIDO;vestibular;2011.1;A0;PRIVADA;14102100;1999;FALSE;TRUE;FALSE
2007;2016.1;35;masculino;solteiro;BRASILEIRA;DESCONHECIDO;vestibular;2011.1;A0;PRIVADA;14102100;1999;FALSE;TRUE;FALSE
2008;2015.1;33;masculino;solteiro;BRASILEIRA;DESCONHECIDO;vestibular;2011.1;A0;PRIVADA;14102100;1999;FALSE;TRUE;FALSE
2011;2017.1;31;masculino;solteiro;BRASILEIRA;DESCONHECIDO;vestibular;2011.1;A0;PRIVADA;14102100;1999;FALSE;TRUE;FALSE
2011;2016.2;32;masculino;solteiro;BRASILEIRA;DESCONHECIDO;vestibular;2011.1;A0;PRIVADA;14102100;1999;FALSE;TRUE;FALSE
2010;2018.1;32;masculino;solteiro;BRASILEIRA;DESCONHECIDO;vestibular;2011.2;A0;PUBLICA;14102100;1999;FALSE;TRUE;FALSE
2008;2016.1;33;masculino;casado;BRASILEIRA;DESCONHECIDO;vestibular;2011.2;A0;PUBLICA;14102100;1999;FALSE;TRUE;FALSE
2009;2015.1;32;masculino;solteiro;BRASILEIRA;DESCONHECIDO;vestibular;2011.2;A0;PRIVADA;14102100;1999;FALSE;TRUE;FALSE
2009;2016.1;34;masculino;solteiro;BRASILEIRA;ABANDONO;vestibular;2011.2;A0;PRIVADA;14102100;1999;FALSE;FALSE;TRUE
2002;2016.1;39;masculino;solteiro;BRASILEIRA;EXPULSAO;vestibular;2011.2;A0;PRIVADA;14102100;1999;FALSE;FALSE;TRUE
2010;2013.1;32;masculino;solteiro;BRASILEIRA;REINGRESSO;vestibular;2011.2;A0;PUBLICA;14102100;1999;FALSE;FALSE;TRUE
2006;2014.2;35;masculino;solteiro;BRASILEIRA;DESCONHECIDO;vestibular;2011.2;A0;PRIVADA;14102100;1999;FALSE;TRUE;FALSE
2004;2016.1;37;masculino;solteiro;BRASILEIRA;DESCONHECIDO;vestibular;2011.2;A0;PRIVADA;14102100;1999;FALSE;TRUE;FALSE
2010;2015.2;30;masculino;solteiro;BRASILEIRA;ABANDONO;vestibular;2011.2;A0;PUBLICA;14102100;1999;FALSE;FALSE;TRUE
2008;2015.1;33;masculino;solteiro;BRASILEIRA;EXPULSAO;vestibular;2011.2;A0;PRIVADA;14102100;1999;FALSE;FALSE;TRUE
2006;2015.1;35;feminino;solteiro;BRASILEIRA;DESCONHECIDO;vestibular;2011.2;A0;PRIVADA;14102100;1999;FALSE;TRUE;FALSE
2010;2016.2;32;masculino;solteiro;BRASILEIRA;DESCONHECIDO;vestibular;2011.2;A0;PRIVADA;14102100;1999;FALSE;TRUE;FALSE
2010;2015.1;32;masculino;solteiro;BRASILEIRA;EXPULSAO;vestibular;2011.2;A0;PUBLICA;14102100;1999;FALSE;FALSE;TRUE
2008;2015.2;33;masculino;solteiro;BRASILEIRA;EXPULSAO;vestibular;2011.2;A0;PRIVADA;14102100;1999;FALSE;FALSE;TRUE
2010;2016.1;29;masculino;solteiro;BRASILEIRA;DESCONHECIDO;vestibular;2011.2;A0;PRIVADA;14102100;1999;FALSE;TRUE;FALSE
2010;2016.2;31;masculino;solteiro;BRASILEIRA;REINGRESSO;vestibular;2011.2;A0;PUBLICA;14102100;1999;FALSE;FALSE;TRUE
2010;2016.1;30;masculino;solteiro;BRASILEIRA;DESCONHECIDO;vestibular;2011.2;A0;PRIVADA;14102100;1999;FALSE;TRUE;FALSE
2008;2016.2;32;masculino;solteiro;BRASILEIRA;DESCONHECIDO;vestibular;2011.2;A0;PUBLICA;14102100;1999;FALSE;TRUE;FALSE
2009;2014.2;32;masculino;solteiro;BRASILEIRA;ABANDONO;vestibular;2011.2;A0;PUBLICA;14102100;1999;FALSE;FALSE;TRUE
2010;2013.2;31;masculino;casado;BRASILEIRA;ABANDONO;vestibular;2011.2;A0;MAJORITARIAMENTE_PUBLICA;14102100;1999;FALSE;FALSE;TRUE
2009;2015.2;34;masculino;solteiro;BRASILEIRA;EXPULSAO;vestibular;2011.2;A0;PRIVADA;14102100;1999;FALSE;FALSE;TRUE
2009;2016.2;32;masculino;solteiro;BRASILEIRA;DESCONHECIDO;vestibular;2011.2;A0;PRIVADA;14102100;1999;FALSE;TRUE;FALSE
2004;2017.2;37;masculino;solteiro;BRASILEIRA;DESCONHECIDO;vestibular;2011.2;A0;PUBLICA;14102100;1999;FALSE;TRUE;FALSE
2008;2015.1;33;masculino;solteiro;BRASILEIRA;EXPULSAO;vestibular;2011.2;A0;PRIVADA;14102100;1999;FALSE;FALSE;TRUE
2008;2015.1;32;masculino;solteiro;BRASILEIRA;DESCONHECIDO;vestibular;2011.2;A0;PRIVADA;14102100;1999;FALSE;TRUE;FALSE
2010;2016.1;31;masculino;solteiro;BRASILEIRA;DESCONHECIDO;vestibular;2011.2;A0;PRIVADA;14102100;1999;FALSE;TRUE;FALSE
2010;2016.1;30;masculino;solteiro;BRASILEIRA;DESCONHECIDO;vestibular;2011.2;A0;PRIVADA;14102100;1999;FALSE;TRUE;FALSE
2009;2014.2;32;masculino;solteiro;BRASILEIRA;ABANDONO;vestibular;2011.2;A0;PRIVADA;14102100;1999;FALSE;FALSE;TRUE
2010;2016.1;33;masculino;solteiro;BRASILEIRA;EXPULSAO;vestibular;2011.2;A0;PUBLICA;14102100;1999;FALSE;FALSE;TRUE
2010;2016.1;30;masculino;solteiro;BRASILEIRA;DESCONHECIDO;vestibular;2011.2;A0;PRIVADA;14102100;1999;FALSE;TRUE;FALSE
2010;2012.2;30;feminino;solteiro;BRASILEIRA;EXPULSAO;vestibular;2011.2;A0;PUBLICA;14102100;1999;FALSE;FALSE;TRUE
2010;2017.2;32;masculino;solteiro;BRASILEIRA;DESCONHECIDO;vestibular;2011.2;A0;MAJORITARIAMENTE_PRIVADA;14102100;1999;FALSE;TRUE;FALSE
2007;2016.1;35;masculino;solteiro;BRASILEIRA;DESCONHECIDO;vestibular;2011.2;A0;PRIVADA;14102100;1999;FALSE;TRUE;FALSE
2010;2013.1;30;masculino;solteiro;BRASILEIRA;ABANDONO;vestibular;2011.2;A0;PUBLICA;14102100;1999;FALSE;FALSE;TRUE
2010;2016.2;32;masculino;solteiro;BRASILEIRA;REINGRESSO;transferencia;2012.1;A0;PUBLICA;14102100;1999;FALSE;FALSE;TRUE
2011;2016.2;31;masculino;solteiro;BRASILEIRA;DESCONHECIDO;transferencia;2012.1;A0;PRIVADA;14102100;1999;FALSE;TRUE;FALSE
2011;2015.1;29;masculino;solteiro;BRASILEIRA;REINGRESSO;vestibular;2012.1;A0;PRIVADA;14102100;1999;FALSE;FALSE;TRUE
2011;2017.1;30;feminino;solteiro;BRASILEIRA;DESCONHECIDO;vestibular;2012.1;A0;PRIVADA;14102100;1999;FALSE;TRUE;FALSE
2011;2014.1;31;masculino;solteiro;BRASILEIRA;EXPULSAO;vestibular;2012.1;A0;PRIVADA;14102100;1999;FALSE;FALSE;TRUE
2011;2014.2;30;feminino;solteiro;BRASILEIRA;ABANDONO;vestibular;2012.1;A0;PRIVADA;14102100;1999;FALSE;FALSE;TRUE
2007;2014.1;34;masculino;solteiro;BRASILEIRA;DESCONHECIDO;vestibular;2012.1;A0;PRIVADA;14102100;1999;FALSE;TRUE;FALSE
2005;2015.1;37;masculino;solteiro;BRASILEIRA;ABANDONO;vestibular;2012.1;A0;PRIVADA;14102100;1999;FALSE;FALSE;TRUE
1999;2016.1;43;masculino;casado;BRASILEIRA;DESCONHECIDO;vestibular;2012.1;A0;PRIVADA;14102100;1999;FALSE;TRUE;FALSE
2007;2015.1;34;masculino;solteiro;BRASILEIRA;DESCONHECIDO;vestibular;2012.1;A0;PRIVADA;14102100;1999;FALSE;TRUE;FALSE
2004;2016.1;38;masculino;solteiro;BRASILEIRA;DESCONHECIDO;vestibular;2012.1;A0;PUBLICA;14102100;1999;FALSE;TRUE;FALSE
2006;2014.1;36;masculino;solteiro;BRASILEIRA;EXPULSAO;vestibular;2012.1;A0;PRIVADA;14102100;1999;FALSE;FALSE;TRUE
1997;2012.2;44;masculino;casado;BRASILEIRA;EXPULSAO;vestibular;2012.1;A0;PUBLICA;14102100;1999;FALSE;FALSE;TRUE
2007;2016.2;35;masculino;solteiro;BRASILEIRA;DESCONHECIDO;vestibular;2012.1;A0;PUBLICA;14102100;1999;FALSE;TRUE;FALSE
2011;2017.1;30;masculino;solteiro;BRASILEIRA;DESCONHECIDO;vestibular;2012.1;A0;PRIVADA;14102100;1999;FALSE;TRUE;FALSE
2009;2015.1;32;masculino;solteiro;BRASILEIRA;DESCONHECIDO;vestibular;2012.1;A0;PRIVADA;14102100;1999;FALSE;TRUE;FALSE
2011;2016.1;30;masculino;solteiro;BRASILEIRA;REINGRESSO;vestibular;2012.1;A0;PRIVADA;14102100;1999;FALSE;FALSE;TRUE
2009;2015.2;32;masculino;solteiro;BRASILEIRA;ABANDONO;vestibular;2012.1;A0;PRIVADA;14102100;1999;FALSE;FALSE;TRUE
2008;2016.2;35;masculino;solteiro;BRASILEIRA;DESCONHECIDO;vestibular;2012.1;A0;PUBLICA;14102100;1999;FALSE;TRUE;FALSE
2011;2013.1;31;masculino;solteiro;BRASILEIRA;ABANDONO;vestibular;2012.1;A0;PRIVADA;14102100;1999;FALSE;FALSE;TRUE
2005;2016.1;36;masculino;solteiro;BRASILEIRA;ABANDONO;vestibular;2012.1;A0;PRIVADA;14102100;1999;FALSE;FALSE;TRUE
2011;2013.1;29;masculino;solteiro;BRASILEIRA;ABANDONO;vestibular;2012.1;A0;PRIVADA;14102100;1999;FALSE;FALSE;TRUE
2005;2013.1;36;masculino;solteiro;BRASILEIRA;EXPULSAO;vestibular;2012.1;A0;PUBLICA;14102100;1999;FALSE;FALSE;TRUE
2008;2013.1;33;masculino;solteiro;BRASILEIRA;ABANDONO;vestibular;2012.1;A0;PRIVADA;14102100;1999;FALSE;FALSE;TRUE
2006;2012.2;36;masculino;solteiro;BRASILEIRA;EXPULSAO;vestibular;2012.1;A0;PUBLICA;14102100;1999;FALSE;FALSE;TRUE
2001;2012.2;39;masculino;solteiro;BRASILEIRA;ABANDONO;vestibular;2012.1;A0;PRIVADA;14102100;1999;FALSE;FALSE;TRUE
2011;2016.1;30;masculino;solteiro;BRASILEIRA;ABANDONO;vestibular;2012.1;A0;PUBLICA;14102100;1999;FALSE;FALSE;TRUE
2004;2013.2;38;masculino;solteiro;BRASILEIRA;EXPULSAO;vestibular;2012.1;A0;PRIVADA;14102100;1999;FALSE;FALSE;TRUE
2011;2017.1;29;feminino;solteiro;BRASILEIRA;DESCONHECIDO;vestibular;2012.1;A0;PRIVADA;14102100;1999;FALSE;TRUE;FALSE
2011;2012.2;30;masculino;solteiro;BRASILEIRA;EXPULSAO;vestibular;2012.1;A0;PRIVADA;14102100;1999;FALSE;FALSE;TRUE
2011;2016.1;31;masculino;solteiro;BRASILEIRA;DESCONHECIDO;vestibular;2012.1;A0;PRIVADA;14102100;1999;FALSE;TRUE;FALSE
2006;2014.1;36;masculino;solteiro;BRASILEIRA;DESCONHECIDO;vestibular;2012.1;A0;PUBLICA;14102100;1999;FALSE;TRUE;FALSE
2011;2017.2;30;feminino;solteiro;BRASILEIRA;DESCONHECIDO;vestibular;2012.1;A0;PRIVADA;14102100;1999;FALSE;TRUE;FALSE
2008;2016.2;32;masculino;solteiro;BRASILEIRA;DESCONHECIDO;vestibular;2012.1;A0;PRIVADA;14102100;1999;FALSE;TRUE;FALSE
2011;2017.2;29;feminino;solteiro;BRASILEIRA;DESCONHECIDO;vestibular;2012.1;A0;PRIVADA;14102100;1999;FALSE;TRUE;FALSE
2008;2014.1;33;masculino;solteiro;BRASILEIRA;REINGRESSO;vestibular;2012.1;A0;PRIVADA;14102100;1999;FALSE;FALSE;TRUE
2011;2013.2;30;masculino;solteiro;BRASILEIRA;REINGRESSO;vestibular;2012.1;A0;PRIVADA;14102100;1999;FALSE;FALSE;TRUE
2008;2014.2;33;masculino;solteiro;BRASILEIRA;DESCONHECIDO;vestibular;2012.1;A0;PRIVADA;14102100;1999;FALSE;TRUE;FALSE
2011;2019.1;31;masculino;solteiro;BRASILEIRA;DESCONHECIDO;vestibular;2012.1;A0;PUBLICA;14102100;1999;FALSE;TRUE;FALSE
2011;2017.2;30;masculino;solteiro;BRASILEIRA_POR_NATURALIZACAO;DESCONHECIDO;vestibular;2012.1;A0;PRIVADA;14102100;1999;FALSE;TRUE;FALSE
2011;2016.2;31;masculino;solteiro;BRASILEIRA;EXPULSAO;vestibular;2012.1;A0;PRIVADA;14102100;1999;FALSE;FALSE;TRUE
2011;2017.2;32;masculino;solteiro;BRASILEIRA_POR_NATURALIZACAO;DESCONHECIDO;vestibular;2012.1;A0;PRIVADA;14102100;1999;FALSE;TRUE;FALSE
2011;2014.1;29;masculino;solteiro;BRASILEIRA;ABANDONO;vestibular;2012.1;A0;PRIVADA;14102100;1999;FALSE;FALSE;TRUE
2009;2014.1;33;masculino;solteiro;BRASILEIRA;EXPULSAO;vestibular;2012.1;A0;PRIVADA;14102100;1999;FALSE;FALSE;TRUE
2011;2017.2;30;masculino;solteiro;BRASILEIRA;EXPULSAO;vestibular;2012.1;A0;PRIVADA;14102100;1999;FALSE;FALSE;TRUE
2003;2018.1;38;masculino;solteiro;BRASILEIRA;EXPULSAO;vestibular;2012.1;A0;PRIVADA;14102100;1999;FALSE;FALSE;TRUE
2009;2013.1;32;masculino;solteiro;BRASILEIRA;TRANSFERENCIA;vestibular;2012.1;A0;PRIVADA;14102100;1999;FALSE;FALSE;TRUE
2011;2013.1;30;masculino;solteiro;BRASILEIRA;EXPULSAO;vestibular;2012.1;A0;PRIVADA;14102100;1999;FALSE;FALSE;TRUE
2007;2013.2;33;masculino;solteiro;BRASILEIRA;EXPULSAO;vestibular;2012.1;A0;PRIVADA;14102100;1999;FALSE;FALSE;TRUE
2000;2013.2;42;masculino;solteiro;BRASILEIRA;ABANDONO;reopcao;2012.1;A0;PRIVADA;14102100;1999;FALSE;FALSE;TRUE
2008;2015.2;33;masculino;solteiro;BRASILEIRA;DESCONHECIDO;reopcao;2012.1;A0;PRIVADA;14102100;1999;FALSE;TRUE;FALSE
2011;2014.2;30;masculino;solteiro;BRASILEIRA;REINGRESSO;vestibular;2012.1;A0;PRIVADA;14102100;1999;FALSE;FALSE;TRUE
2011;2012.2;30;feminino;solteiro;BRASILEIRA;ABANDONO;vestibular;2012.1;A0;MAJORITARIAMENTE_PRIVADA;14102100;1999;FALSE;FALSE;TRUE
2006;2012.2;35;masculino;solteiro;BRASILEIRA;DESCONHECIDO;vestibular;2012.1;A0;PRIVADA;14102100;1999;FALSE;TRUE;FALSE
2009;2017.2;32;masculino;solteiro;BRASILEIRA;DESCONHECIDO;vestibular;2012.1;A0;PRIVADA;14102100;1999;FALSE;TRUE;FALSE
2009;2015.2;32;masculino;solteiro;BRASILEIRA;DESCONHECIDO;vestibular;2012.1;A0;PRIVADA;14102100;1999;FALSE;TRUE;FALSE
2002;2014.2;41;masculino;solteiro;BRASILEIRA;EXPULSAO;vestibular;2012.1;A0;PUBLICA;14102100;1999;FALSE;FALSE;TRUE
2008;2015.1;33;masculino;solteiro;BRASILEIRA;ABANDONO;vestibular;2012.1;A0;PUBLICA;14102100;1999;FALSE;FALSE;TRUE
1997;2012.1;45;masculino;solteiro;BRASILEIRA;ABANDONO;vestibular;2012.1;A0;PRIVADA;14102100;1999;FALSE;FALSE;TRUE
2011;2013.1;31;masculino;solteiro;BRASILEIRA;ABANDONO;vestibular;2012.1;A0;PRIVADA;14102100;1999;FALSE;FALSE;TRUE
2003;2016.1;37;masculino;solteiro;BRASILEIRA;REINGRESSO;vestibular;2012.1;A0;PRIVADA;14102100;1999;FALSE;FALSE;TRUE
2011;2012.1;30;feminino;solteiro;BRASILEIRA;ABANDONO;vestibular;2012.1;A0;PRIVADA;14102100;1999;FALSE;FALSE;TRUE
2007;2013.1;34;masculino;solteiro;BRASILEIRA;EXPULSAO;vestibular;2012.1;A0;PRIVADA;14102100;1999;FALSE;FALSE;TRUE
2011;2014.1;30;masculino;solteiro;BRASILEIRA;EXPULSAO;vestibular;2012.1;A0;PRIVADA;14102100;1999;FALSE;FALSE;TRUE
2005;2012.1;36;masculino;solteiro;BRASILEIRA;DESCONHECIDO;vestibular;2012.1;A0;PRIVADA;14102100;1999;FALSE;TRUE;FALSE
2007;2018.1;34;masculino;solteiro;BRASILEIRA;DESCONHECIDO;vestibular;2012.1;A0;PRIVADA;14102100;1999;FALSE;TRUE;FALSE
2011;2012.2;29;masculino;solteiro;BRASILEIRA;ABANDONO;vestibular;2012.1;A0;PUBLICA;14102100;1999;FALSE;FALSE;TRUE
2011;2016.2;31;feminino;solteiro;BRASILEIRA;DESCONHECIDO;vestibular;2012.1;A0;PRIVADA;14102100;1999;FALSE;TRUE;FALSE
2005;2012.2;37;masculino;solteiro;BRASILEIRA;EXPULSAO;vestibular;2012.1;A0;MAJORITARIAMENTE_PRIVADA;14102100;1999;FALSE;FALSE;TRUE
2011;2016.2;30;masculino;solteiro;BRASILEIRA;DESCONHECIDO;vestibular;2012.1;A0;PUBLICA;14102100;1999;FALSE;TRUE;FALSE
2011;2016.1;31;masculino;solteiro;BRASILEIRA;DESCONHECIDO;vestibular;2012.1;A0;PRIVADA;14102100;1999;FALSE;TRUE;FALSE
2011;2016.1;30;masculino;solteiro;BRASILEIRA;DESCONHECIDO;vestibular;2012.1;A0;PRIVADA;14102100;1999;FALSE;TRUE;FALSE
2011;2013.2;30;masculino;solteiro;BRASILEIRA;ABANDONO;vestibular;2012.1;A0;PRIVADA;14102100;1999;FALSE;FALSE;TRUE
2003;2016.2;38;feminino;casado;BRASILEIRA;ABANDONO;vestibular;2012.1;A0;PRIVADA;14102100;1999;FALSE;FALSE;TRUE
2011;2016.2;30;masculino;solteiro;BRASILEIRA;DESCONHECIDO;vestibular;2012.1;A0;PRIVADA;14102100;1999;FALSE;TRUE;FALSE
2011;2014.1;30;masculino;solteiro;BRASILEIRA;REINGRESSO;vestibular;2012.1;A0;PRIVADA;14102100;1999;FALSE;FALSE;TRUE
2011;2017.1;30;feminino;solteiro;BRASILEIRA;DESCONHECIDO;vestibular;2012.1;A0;PRIVADA;14102100;1999;FALSE;TRUE;FALSE
2007;2014.2;34;masculino;solteiro;BRASILEIRA;DESCONHECIDO;vestibular;2012.1;A0;PRIVADA;14102100;1999;FALSE;TRUE;FALSE
2006;2016.1;35;masculino;solteiro;BRASILEIRA;DESCONHECIDO;vestibular;2012.1;A0;PRIVADA;14102100;1999;FALSE;TRUE;FALSE
2007;2015.2;34;masculino;solteiro;BRASILEIRA;EXPULSAO;vestibular;2012.1;A0;PRIVADA;14102100;1999;FALSE;FALSE;TRUE
2009;2014.2;33;masculino;solteiro;BRASILEIRA;REINGRESSO;vestibular;2012.1;A0;PRIVADA;14102100;1999;FALSE;FALSE;TRUE
2011;2014.1;30;masculino;solteiro;BRASILEIRA;EXPULSAO;vestibular;2012.1;A0;MAJORITARIAMENTE_PUBLICA;14102100;1999;FALSE;FALSE;TRUE
2011;2014.1;30;feminino;solteiro;BRASILEIRA;REINGRESSO;vestibular;2012.1;A0;PRIVADA;14102100;1999;FALSE;FALSE;TRUE
2011;2014.1;29;masculino;solteiro;BRASILEIRA;EXPULSAO;vestibular;2012.1;A0;PRIVADA;14102100;1999;FALSE;FALSE;TRUE
2003;2013.1;38;masculino;solteiro;BRASILEIRA;EXPULSAO;vestibular;2012.1;A0;PRIVADA;14102100;1999;FALSE;FALSE;TRUE
2011;2013.2;29;masculino;solteiro;BRASILEIRA;EXPULSAO;vestibular;2012.1;A0;PRIVADA;14102100;1999;FALSE;FALSE;TRUE
2011;2013.2;30;masculino;solteiro;BRASILEIRA;ABANDONO;vestibular;2012.1;A0;PRIVADA;14102100;1999;FALSE;FALSE;TRUE
2011;2014.1;29;masculino;solteiro;BRASILEIRA;EXPULSAO;vestibular;2012.1;A0;PRIVADA;14102100;1999;FALSE;FALSE;TRUE
2010;2014.1;31;masculino;solteiro;BRASILEIRA;EXPULSAO;vestibular;2012.1;A0;PRIVADA;14102100;1999;FALSE;FALSE;TRUE
2010;2012.2;31;masculino;solteiro;BRASILEIRA;EXPULSAO;vestibular;2012.1;A0;PRIVADA;14102100;1999;FALSE;FALSE;TRUE
2009;2012.1;33;masculino;solteiro;BRASILEIRA;ABANDONO;vestibular;2012.1;A0;PRIVADA;14102100;1999;FALSE;FALSE;TRUE
2006;2015.2;35;masculino;solteiro;BRASILEIRA;DESCONHECIDO;vestibular;2012.1;A0;PRIVADA;14102100;1999;FALSE;TRUE;FALSE
2010;2012.2;31;masculino;solteiro;BRASILEIRA;ABANDONO;vestibular;2012.1;A0;PRIVADA;14102100;1999;FALSE;FALSE;TRUE
2011;2012.2;30;masculino;solteiro;BRASILEIRA;ABANDONO;vestibular;2012.1;A0;PRIVADA;14102100;1999;FALSE;FALSE;TRUE
2003;2015.1;37;masculino;solteiro;BRASILEIRA;DESCONHECIDO;vestibular;2012.1;A0;PUBLICA;14102100;1999;FALSE;TRUE;FALSE
2011;2012.2;30;masculino;solteiro;BRASILEIRA;EXPULSAO;vestibular;2012.1;A0;PRIVADA;14102100;1999;FALSE;FALSE;TRUE
2009;2016.2;32;masculino;solteiro;BRASILEIRA;DESCONHECIDO;vestibular;2012.1;A0;PRIVADA;14102100;1999;FALSE;TRUE;FALSE
2010;2012.1;32;masculino;solteiro;BRASILEIRA;ABANDONO;vestibular;2012.1;A0;PUBLICA;14102100;1999;FALSE;FALSE;TRUE
2006;2012.2;39;masculino;solteiro;BRASILEIRA;ABANDONO;vestibular;2012.1;A0;PUBLICA;14102100;1999;FALSE;FALSE;TRUE
2007;2013.1;35;masculino;solteiro;BRASILEIRA;REINGRESSO;vestibular;2012.1;A0;PRIVADA;14102100;1999;FALSE;FALSE;TRUE
2010;2014.1;32;feminino;solteiro;BRASILEIRA;EXPULSAO;vestibular;2012.1;A0;PUBLICA;14102100;1999;FALSE;FALSE;TRUE
2011;2012.2;30;masculino;solteiro;BRASILEIRA;EXPULSAO;vestibular;2012.1;A0;PRIVADA;14102100;1999;FALSE;FALSE;TRUE
2011;2014.1;33;masculino;solteiro;BRASILEIRA;ABANDONO;vestibular;2012.1;A0;MAJORITARIAMENTE_PUBLICA;14102100;1999;FALSE;FALSE;TRUE
2002;2017.1;39;masculino;solteiro;BRASILEIRA;ABANDONO;vestibular;2012.1;A0;MAJORITARIAMENTE_PRIVADA;14102100;1999;FALSE;FALSE;TRUE
2010;2018.1;32;masculino;solteiro;BRASILEIRA;DESCONHECIDO;vestibular;2012.1;A0;PRIVADA;14102100;1999;FALSE;TRUE;FALSE
2006;2014.1;35;masculino;solteiro;BRASILEIRA;EXPULSAO;vestibular;2012.1;A0;PUBLICA;14102100;1999;FALSE;FALSE;TRUE
2011;2013.2;30;masculino;solteiro;BRASILEIRA;ABANDONO;vestibular;2012.1;A0;PRIVADA;14102100;1999;FALSE;FALSE;TRUE
2011;2012.2;30;masculino;solteiro;BRASILEIRA;EXPULSAO;vestibular;2012.1;A0;PRIVADA;14102100;1999;FALSE;FALSE;TRUE
2005;2016.1;36;masculino;solteiro;BRASILEIRA;EXPULSAO;vestibular;2012.1;A0;PRIVADA;14102100;1999;FALSE;FALSE;TRUE
2009;2013.1;32;masculino;solteiro;BRASILEIRA;ABANDONO;vestibular;2012.1;A0;MAJORITARIAMENTE_PRIVADA;14102100;1999;FALSE;FALSE;TRUE
2011;2017.1;29;masculino;solteiro;BRASILEIRA;DESCONHECIDO;vestibular;2012.1;A0;PRIVADA;14102100;1999;FALSE;TRUE;FALSE
2009;2013.1;31;feminino;solteiro;BRASILEIRA;REINGRESSO;vestibular;2012.1;A0;PRIVADA;14102100;1999;FALSE;FALSE;TRUE
2011;2013.1;29;masculino;solteiro;BRASILEIRA;ABANDONO;vestibular;2012.1;A0;PRIVADA;14102100;1999;FALSE;FALSE;TRUE
2006;2015.1;36;masculino;solteiro;BRASILEIRA;ABANDONO;vestibular;2012.1;A0;PUBLICA;14102100;1999;FALSE;FALSE;TRUE
2010;2014.2;32;masculino;solteiro;BRASILEIRA;TRANSFERENCIA;vestibular;2012.1;A0;PRIVADA;14102100;1999;FALSE;FALSE;TRUE
2011;2013.2;30;masculino;solteiro;BRASILEIRA;EXPULSAO;vestibular;2012.1;A0;PRIVADA;14102100;1999;FALSE;FALSE;TRUE
2011;2012.1;30;masculino;solteiro;BRASILEIRA;ABANDONO;vestibular;2012.1;A0;PRIVADA;14102100;1999;FALSE;FALSE;TRUE
2008;2017.1;32;masculino;solteiro;BRASILEIRA;DESCONHECIDO;vestibular;2012.1;A0;MAJORITARIAMENTE_PUBLICA;14102100;1999;FALSE;TRUE;FALSE
2000;2014.2;42;masculino;solteiro;BRASILEIRA;EXPULSAO;vestibular;2012.1;A0;MAJORITARIAMENTE_PRIVADA;14102100;1999;FALSE;FALSE;TRUE
2011;2016.2;29;masculino;solteiro;BRASILEIRA;DESCONHECIDO;vestibular;2012.2;A0;PUBLICA;14102100;1999;FALSE;TRUE;FALSE
2009;2014.1;33;masculino;solteiro;BRASILEIRA;EXPULSAO;vestibular;2012.2;A0;PRIVADA;14102100;1999;FALSE;FALSE;TRUE
2007;2019.2;33;feminino;solteiro;BRASILEIRA;DESCONHECIDO;vestibular;2012.2;A0;PRIVADA;14102100;1999;FALSE;TRUE;FALSE
2011;2016.2;29;feminino;solteiro;BRASILEIRA;DESCONHECIDO;vestibular;2012.2;A0;PUBLICA;14102100;1999;FALSE;TRUE;FALSE
2006;2015.1;35;masculino;solteiro;BRASILEIRA;DESCONHECIDO;vestibular;2012.2;A0;PRIVADA;14102100;1999;FALSE;TRUE;FALSE
2001;2013.2;40;feminino;solteiro;BRASILEIRA;EXPULSAO;vestibular;2012.2;A0;PRIVADA;14102100;1999;FALSE;FALSE;TRUE
2010;2017.2;32;feminino;solteiro;BRASILEIRA;REINGRESSO;vestibular;2012.2;A0;PUBLICA;14102100;1999;FALSE;FALSE;TRUE
2009;2013.1;31;masculino;solteiro;BRASILEIRA;EXPULSAO;vestibular;2012.2;A0;PRIVADA;14102100;1999;FALSE;FALSE;TRUE
2011;2014.2;30;masculino;solteiro;BRASILEIRA;EXPULSAO;vestibular;2012.2;A0;PRIVADA;14102100;1999;FALSE;FALSE;TRUE
2011;2012.2;30;masculino;solteiro;BRASILEIRA;ABANDONO;vestibular;2012.2;A0;PRIVADA;14102100;1999;FALSE;FALSE;TRUE
2009;2015.1;32;masculino;solteiro;BRASILEIRA;DESCONHECIDO;vestibular;2012.2;A0;PRIVADA;14102100;1999;FALSE;TRUE;FALSE
2010;2014.2;30;masculino;solteiro;BRASILEIRA;REINGRESSO;vestibular;2012.2;A0;PUBLICA;14102100;1999;FALSE;FALSE;TRUE
2011;2015.2;30;masculino;solteiro;BRASILEIRA;ABANDONO;vestibular;2012.2;A0;PRIVADA;14102100;1999;FALSE;FALSE;TRUE
2011;2018.1;31;masculino;solteiro;BRASILEIRA;DESCONHECIDO;vestibular;2012.2;A0;PUBLICA;14102100;1999;FALSE;TRUE;FALSE
2011;2013.1;31;masculino;solteiro;BRASILEIRA;EXPULSAO;vestibular;2012.2;A0;PUBLICA;14102100;1999;FALSE;FALSE;TRUE
2009;2014.2;32;masculino;solteiro;BRASILEIRA;ABANDONO;vestibular;2012.2;A0;PUBLICA;14102100;1999;FALSE;FALSE;TRUE
2010;2018.2;33;masculino;solteiro;BRASILEIRA;REINGRESSO;vestibular;2012.2;A0;PUBLICA;14102100;2017;FALSE;FALSE;TRUE
2011;2016.2;31;masculino;solteiro;BRASILEIRA;DESCONHECIDO;vestibular;2012.2;A0;PRIVADA;14102100;1999;FALSE;TRUE;FALSE
2011;2014.2;31;feminino;solteiro;BRASILEIRA;ABANDONO;vestibular;2012.2;A0;PRIVADA;14102100;1999;FALSE;FALSE;TRUE
2011;2018.1;30;masculino;solteiro;BRASILEIRA;DESCONHECIDO;vestibular;2012.2;A0;PUBLICA;14102100;1999;FALSE;TRUE;FALSE
2006;2014.2;34;feminino;solteiro;BRASILEIRA;EXPULSAO;vestibular;2012.2;A0;PRIVADA;14102100;1999;FALSE;FALSE;TRUE
2011;2018.1;31;feminino;solteiro;BRASILEIRA;DESCONHECIDO;vestibular;2012.2;A0;PRIVADA;14102100;1999;FALSE;TRUE;FALSE
2004;2013.1;38;feminino;solteiro;BRASILEIRA;EXPULSAO;vestibular;2012.2;A0;PRIVADA;14102100;1999;FALSE;FALSE;TRUE
2011;2017.1;30;masculino;solteiro;BRASILEIRA;REINGRESSO;vestibular;2012.2;A0;PUBLICA;14102100;1999;FALSE;FALSE;TRUE
2011;2016.2;30;masculino;solteiro;BRASILEIRA;EXPULSAO;vestibular;2012.2;A0;PUBLICA;14102100;1999;FALSE;FALSE;TRUE
2011;2017.2;30;masculino;solteiro;BRASILEIRA;DESCONHECIDO;vestibular;2012.2;A0;PRIVADA;14102100;1999;FALSE;TRUE;FALSE
2009;2017.1;32;masculino;solteiro;BRASILEIRA;DESCONHECIDO;vestibular;2012.2;A0;PRIVADA;14102100;1999;FALSE;TRUE;FALSE
2011;2014.1;31;masculino;solteiro;BRASILEIRA;ABANDONO;vestibular;2012.2;A0;PRIVADA;14102100;1999;FALSE;FALSE;TRUE
2011;2014.2;31;masculino;solteiro;BRASILEIRA;ABANDONO;vestibular;2012.2;A0;PUBLICA;14102100;1999;FALSE;FALSE;TRUE
2010;2016.2;32;feminino;solteiro;BRASILEIRA;DESCONHECIDO;vestibular;2012.2;A0;PUBLICA;14102100;1999;FALSE;TRUE;FALSE
2010;2014.2;31;masculino;solteiro;BRASILEIRA;EXPULSAO;vestibular;2012.2;A0;PUBLICA;14102100;1999;FALSE;FALSE;TRUE
2010;2015.1;32;masculino;solteiro;BRASILEIRA;EXPULSAO;vestibular;2012.2;A0;PRIVADA;14102100;1999;FALSE;FALSE;TRUE
2009;2016.1;32;feminino;solteiro;BRASILEIRA;EXPULSAO;vestibular;2012.2;A0;PUBLICA;14102100;1999;FALSE;FALSE;TRUE
2010;2014.2;31;masculino;solteiro;BRASILEIRA;REINGRESSO;vestibular;2012.2;A0;PRIVADA;14102100;1999;FALSE;FALSE;TRUE
2008;2014.2;33;masculino;solteiro;BRASILEIRA;DESCONHECIDO;vestibular;2012.2;A0;PRIVADA;14102100;1999;FALSE;TRUE;FALSE
2009;2016.2;32;masculino;solteiro;BRASILEIRA;DESCONHECIDO;vestibular;2012.2;A0;PRIVADA;14102100;1999;FALSE;TRUE;FALSE
2008;2016.1;34;masculino;solteiro;BRASILEIRA;DESCONHECIDO;vestibular;2012.2;A0;PRIVADA;14102100;1999;FALSE;TRUE;FALSE
2011;2018.1;29;feminino;solteiro;BRASILEIRA;DESCONHECIDO;vestibular;2012.2;A0;PUBLICA;14102100;1999;FALSE;TRUE;FALSE
2011;2017.2;31;masculino;solteiro;BRASILEIRA;DESCONHECIDO;vestibular;2012.2;A0;PUBLICA;14102100;1999;FALSE;TRUE;FALSE
2003;2015.2;38;masculino;casado;BRASILEIRA;ABANDONO;vestibular;2012.2;A0;PUBLICA;14102100;1999;FALSE;FALSE;TRUE
2011;2015.1;30;masculino;solteiro;BRASILEIRA;EXPULSAO;vestibular;2012.2;A0;PRIVADA;14102100;1999;FALSE;FALSE;TRUE
1995;2013.1;48;masculino;casado;BRASILEIRA;EXPULSAO;vestibular;2012.2;A0;PRIVADA;14102100;1999;FALSE;FALSE;TRUE
2009;2013.2;33;masculino;solteiro;BRASILEIRA;REINGRESSO;vestibular;2012.2;A0;PRIVADA;14102100;1999;FALSE;FALSE;TRUE
2011;2017.1;31;masculino;solteiro;BRASILEIRA;DESCONHECIDO;vestibular;2012.2;A0;PRIVADA;14102100;1999;FALSE;TRUE;FALSE
2009;2017.2;31;masculino;solteiro;BRASILEIRA;DESCONHECIDO;vestibular;2012.2;A0;PRIVADA;14102100;1999;FALSE;TRUE;FALSE
2009;2017.2;32;masculino;solteiro;BRASILEIRA;DESCONHECIDO;vestibular;2012.2;A0;PRIVADA;14102100;1999;FALSE;TRUE;FALSE
2010;2014.2;31;masculino;solteiro;BRASILEIRA;EXPULSAO;vestibular;2012.2;A0;PUBLICA;14102100;1999;FALSE;FALSE;TRUE
2011;2016.1;30;masculino;solteiro;BRASILEIRA;REINGRESSO;vestibular;2012.2;A0;MAJORITARIAMENTE_PRIVADA;14102100;1999;FALSE;FALSE;TRUE
2011;2019.1;29;masculino;solteiro;BRASILEIRA;DESCONHECIDO;vestibular;2012.2;A0;PUBLICA;14102100;1999;FALSE;TRUE;FALSE
2010;2019.1;31;masculino;solteiro;BRASILEIRA;DESCONHECIDO;vestibular;2012.2;A0;PRIVADA;14102100;1999;FALSE;TRUE;FALSE
2009;2014.1;34;masculino;solteiro;BRASILEIRA;REINGRESSO;vestibular;2012.2;A0;MAJORITARIAMENTE_PRIVADA;14102100;1999;FALSE;FALSE;TRUE
2010;2014.1;32;masculino;solteiro;BRASILEIRA;EXPULSAO;vestibular;2012.2;A0;PRIVADA;14102100;1999;FALSE;FALSE;TRUE
2011;2015.1;31;masculino;solteiro;BRASILEIRA;EXPULSAO;vestibular;2012.2;A0;PRIVADA;14102100;1999;FALSE;FALSE;TRUE
2008;2014.1;32;masculino;solteiro;BRASILEIRA;EXPULSAO;vestibular;2012.2;A0;PRIVADA;14102100;1999;FALSE;FALSE;TRUE
2007;2015.1;34;feminino;solteiro;BRASILEIRA;DESCONHECIDO;vestibular;2012.2;A0;PRIVADA;14102100;1999;FALSE;TRUE;FALSE
2011;2013.1;30;masculino;solteiro;BRASILEIRA;ABANDONO;vestibular;2012.2;A0;PRIVADA;14102100;1999;FALSE;FALSE;TRUE
2011;2014.1;30;masculino;solteiro;BRASILEIRA;ABANDONO;vestibular;2012.2;A0;PRIVADA;14102100;1999;FALSE;FALSE;TRUE
2009;2013.2;33;masculino;solteiro;BRASILEIRA;REINGRESSO;vestibular;2012.2;A0;PUBLICA;14102100;1999;FALSE;FALSE;TRUE
2011;2013.1;30;masculino;solteiro;BRASILEIRA;ABANDONO;vestibular;2012.2;A0;MAJORITARIAMENTE_PRIVADA;14102100;1999;FALSE;FALSE;TRUE
2005;2015.1;37;feminino;casado;BRASILEIRA;DESCONHECIDO;vestibular;2012.2;A0;PRIVADA;14102100;1999;FALSE;TRUE;FALSE
2011;2013.2;31;masculino;solteiro;BRASILEIRA;EXPULSAO;vestibular;2012.2;A0;PUBLICA;14102100;1999;FALSE;FALSE;TRUE
2011;2014.1;29;masculino;solteiro;BRASILEIRA;REINGRESSO;vestibular;2012.2;A0;PRIVADA;14102100;1999;FALSE;FALSE;TRUE
2008;2014.1;33;masculino;solteiro;BRASILEIRA;EXPULSAO;vestibular;2012.2;A0;MAJORITARIAMENTE_PUBLICA;14102100;1999;FALSE;FALSE;TRUE
2008;2013.2;33;feminino;solteiro;BRASILEIRA;REINGRESSO;vestibular;2012.2;A0;PUBLICA;14102100;1999;FALSE;FALSE;TRUE
2009;2014.1;32;masculino;solteiro;BRASILEIRA;TRANSFERENCIA;vestibular;2012.2;A0;PRIVADA;14102100;1999;FALSE;FALSE;TRUE
2011;2015.1;29;masculino;solteiro;BRASILEIRA;REINGRESSO;vestibular;2012.2;A0;PRIVADA;14102100;1999;FALSE;FALSE;TRUE
2006;2013.1;37;feminino;solteiro;BRASILEIRA;EXPULSAO;vestibular;2012.2;A0;PUBLICA;14102100;1999;FALSE;FALSE;TRUE
2006;2016.1;35;masculino;solteiro;BRASILEIRA;DESCONHECIDO;vestibular;2012.2;A0;PRIVADA;14102100;1999;FALSE;TRUE;FALSE
2011;2012.2;30;masculino;solteiro;BRASILEIRA;ABANDONO;vestibular;2012.2;A0;PRIVADA;14102100;1999;FALSE;FALSE;TRUE
2011;2014.2;30;feminino;solteiro;BRASILEIRA;EXPULSAO;vestibular;2012.2;A0;PRIVADA;14102100;1999;FALSE;FALSE;TRUE
2011;2016.2;30;masculino;solteiro;BRASILEIRA;DESCONHECIDO;vestibular;2012.2;A0;PUBLICA;14102100;1999;FALSE;TRUE;FALSE
2009;2015.2;32;masculino;solteiro;BRASILEIRA;EXPULSAO;vestibular;2012.2;A0;PRIVADA;14102100;1999;FALSE;FALSE;TRUE
2008;2018.2;34;masculino;solteiro;BRASILEIRA;DESCONHECIDO;vestibular;2012.2;A0;PRIVADA;14102100;1999;FALSE;TRUE;FALSE
2012;2018.1;30;masculino;solteiro;BRASILEIRA;DESCONHECIDO;vestibular;2012.2;A0;PRIVADA;14102100;1999;FALSE;TRUE;FALSE
2008;2015.1;33;feminino;solteiro;BRASILEIRA;EXPULSAO;vestibular;2012.2;A0;PRIVADA;14102100;1999;FALSE;FALSE;TRUE
2006;2014.1;35;feminino;solteiro;BRASILEIRA;EXPULSAO;vestibular;2012.2;A0;PUBLICA;14102100;1999;FALSE;FALSE;TRUE
2011;2015.1;32;masculino;solteiro;BRASILEIRA;EXPULSAO;vestibular;2012.2;A0;PUBLICA;14102100;1999;FALSE;FALSE;TRUE
1994;2016.1;47;masculino;casado;BRASILEIRA;EXPULSAO;vestibular;2012.2;A0;PRIVADA;14102100;1999;FALSE;FALSE;TRUE
2011;2013.1;32;masculino;solteiro;BRASILEIRA;ABANDONO;vestibular;2012.2;A0;PUBLICA;14102100;1999;FALSE;FALSE;TRUE
2010;2013.1;30;masculino;solteiro;BRASILEIRA;EXPULSAO;vestibular;2012.2;A0;PRIVADA;14102100;1999;FALSE;FALSE;TRUE
2004;2012.2;38;masculino;solteiro;BRASILEIRA;ABANDONO;vestibular;2012.2;A0;PUBLICA;14102100;1999;FALSE;FALSE;TRUE
2010;2016.2;32;masculino;solteiro;BRASILEIRA;EXPULSAO;vestibular;2012.2;A0;PRIVADA;14102100;1999;FALSE;FALSE;TRUE
2006;2013.1;35;feminino;solteiro;BRASILEIRA;EXPULSAO;vestibular;2012.2;A0;PRIVADA;14102100;1999;FALSE;FALSE;TRUE
2008;2013.2;33;masculino;solteiro;BRASILEIRA;REINGRESSO;vestibular;2012.2;A0;PRIVADA;14102100;1999;FALSE;FALSE;TRUE
2011;2017.1;33;feminino;solteiro;BRASILEIRA;DESCONHECIDO;vestibular;2012.2;A0;PUBLICA;14102100;1999;FALSE;TRUE;FALSE
2008;2015.1;34;masculino;solteiro;BRASILEIRA;EXPULSAO;vestibular;2012.2;A0;PRIVADA;14102100;1999;FALSE;FALSE;TRUE
2011;2015.2;30;masculino;solteiro;BRASILEIRA;REINGRESSO;vestibular;2012.2;A0;PUBLICA;14102100;1999;FALSE;FALSE;TRUE
2011;2015.2;30;masculino;solteiro;BRASILEIRA;EXPULSAO;vestibular;2012.2;A0;PUBLICA;14102100;1999;FALSE;FALSE;TRUE
2010;2017.1;31;masculino;solteiro;BRASILEIRA;DESCONHECIDO;vestibular;2012.2;A0;PRIVADA;14102100;1999;FALSE;TRUE;FALSE
2009;2014.1;31;masculino;solteiro;BRASILEIRA;EXPULSAO;vestibular;2012.2;A0;MAJORITARIAMENTE_PRIVADA;14102100;1999;FALSE;FALSE;TRUE
2008;2014.2;33;masculino;solteiro;BRASILEIRA;EXPULSAO;vestibular;2012.2;A0;PRIVADA;14102100;1999;FALSE;FALSE;TRUE
2008;2014.1;34;masculino;casado;BRASILEIRA;EXPULSAO;vestibular;2012.2;A0;PUBLICA;14102100;1999;FALSE;FALSE;TRUE
2008;2014.2;33;masculino;solteiro;BRASILEIRA;EXPULSAO;vestibular;2012.2;A0;PRIVADA;14102100;1999;FALSE;FALSE;TRUE
2011;2017.1;30;masculino;solteiro;BRASILEIRA;DESCONHECIDO;vestibular;2012.2;A0;PRIVADA;14102100;1999;FALSE;TRUE;FALSE
2011;2014.2;31;masculino;solteiro;BRASILEIRA;EXPULSAO;vestibular;2012.2;A0;MAJORITARIAMENTE_PRIVADA;14102100;1999;FALSE;FALSE;TRUE
2011;2016.2;31;masculino;solteiro;BRASILEIRA;DESCONHECIDO;vestibular;2012.2;A0;PUBLICA;14102100;1999;FALSE;TRUE;FALSE
2011;2017.1;33;masculino;solteiro;BRASILEIRA;DESCONHECIDO;vestibular;2012.2;A0;PUBLICA;14102100;1999;FALSE;TRUE;FALSE
2009;2014.2;33;masculino;solteiro;BRASILEIRA;EXPULSAO;vestibular;2012.2;A0;PRIVADA;14102100;1999;FALSE;FALSE;TRUE
2011;2015.1;32;masculino;solteiro;BRASILEIRA;TRANSFERENCIA;vestibular;2012.2;A0;PRIVADA;14102100;1999;FALSE;FALSE;TRUE
2009;2017.1;33;masculino;solteiro;BRASILEIRA;DESCONHECIDO;vestibular;2012.2;A0;PRIVADA;14102100;1999;FALSE;TRUE;FALSE
1982;2013.1;59;masculino;casado;BRASILEIRA;ABANDONO;vestibular;2012.2;A0;PUBLICA;14102100;1999;FALSE;FALSE;TRUE
2009;2015.1;30;feminino;solteiro;BRASILEIRA;ABANDONO;vestibular;2012.2;A0;PRIVADA;14102100;1999;FALSE;FALSE;TRUE
2005;2013.1;36;feminino;solteiro;BRASILEIRA;DESCONHECIDO;vestibular;2012.2;A0;PRIVADA;14102100;1999;FALSE;TRUE;FALSE
2009;2017.1;32;masculino;solteiro;BRASILEIRA;DESCONHECIDO;transferencia;2012.2;A0;PRIVADA;14102100;1999;FALSE;TRUE;FALSE
2010;2017.1;31;masculino;solteiro;BRASILEIRA;DESCONHECIDO;transferencia;2012.2;A0;PUBLICA;14102100;1999;FALSE;TRUE;FALSE
2007;2014.2;39;masculino;solteiro;BRASILEIRA;EXPULSAO;vestibular;2012.2;A0;PRIVADA;14102100;1999;FALSE;FALSE;TRUE
2011;2017.1;32;masculino;solteiro;BRASILEIRA;DESCONHECIDO;vestibular;2012.2;A0;PUBLICA;14102100;1999;FALSE;TRUE;FALSE
2010;2013.1;31;feminino;solteiro;BRASILEIRA;EXPULSAO;vestibular;2012.2;A0;PUBLICA;14102100;1999;FALSE;FALSE;TRUE
2009;2014.2;32;masculino;solteiro;BRASILEIRA;DESCONHECIDO;vestibular;2012.2;A0;PRIVADA;14102100;1999;FALSE;TRUE;FALSE
2009;2013.2;32;feminino;solteiro;BRASILEIRA;EXPULSAO;vestibular;2012.2;A0;PRIVADA;14102100;1999;FALSE;FALSE;TRUE
2010;2013.2;32;masculino;solteiro;BRASILEIRA;ABANDONO;vestibular;2012.2;A0;MAJORITARIAMENTE_PRIVADA;14102100;1999;FALSE;FALSE;TRUE
2010;2015.2;30;feminino;solteiro;BRASILEIRA;EXPULSAO;reopcao;2012.2;A0;PRIVADA;14102100;1999;FALSE;FALSE;TRUE
2007;2020.1;35;feminino;solteiro;BRASILEIRA;DESCONHECIDO;reopcao;2012.2;A0;PUBLICA;14102100;2017;FALSE;TRUE;FALSE
2008;2016.2;32;feminino;solteiro;BRASILEIRA;EXPULSAO;vestibular;2012.2;A0;PRIVADA;14102100;1999;FALSE;FALSE;TRUE
2011;2014.2;29;masculino;solteiro;BRASILEIRA;EXPULSAO;vestibular;2012.2;A0;PRIVADA;14102100;1999;FALSE;FALSE;TRUE
2012;2017.1;29;masculino;solteiro;BRASILEIRA;EXPULSAO;vestibular;2013.1;A0;PRIVADA;14102100;1999;FALSE;FALSE;TRUE
2010;2015.1;32;masculino;solteiro;BRASILEIRA;EXPULSAO;vestibular;2013.1;L6;PUBLICA;14102100;1999;FALSE;FALSE;TRUE
2011;2018.1;29;feminino;solteiro;BRASILEIRA;DESCONHECIDO;vestibular;2013.1;A0;PRIVADA;14102100;1999;FALSE;TRUE;FALSE
2012;2019.1;29;masculino;solteiro;BRASILEIRA;DESCONHECIDO;vestibular;2013.1;A0;PRIVADA;14102100;2017;FALSE;TRUE;FALSE
2006;2015.1;35;masculino;solteiro;BRASILEIRA;REINGRESSO;vestibular;2013.1;A0;PRIVADA;14102100;1999;FALSE;FALSE;TRUE
2012;2015.1;29;masculino;solteiro;BRASILEIRA;REINGRESSO;vestibular;2013.1;A0;PRIVADA;14102100;1999;FALSE;FALSE;TRUE
2011;2018.2;30;masculino;solteiro;BRASILEIRA;DESCONHECIDO;vestibular;2013.1;A0;PRIVADA;14102100;1999;FALSE;TRUE;FALSE
2012;2015.1;29;masculino;solteiro;BRASILEIRA;REINGRESSO;vestibular;2013.1;A0;PRIVADA;14102100;1999;FALSE;FALSE;TRUE
2011;2016.2;32;masculino;solteiro;BRASILEIRA;REINGRESSO;vestibular;2013.1;A0;PRIVADA;14102100;1999;FALSE;FALSE;TRUE
2012;2017.2;29;masculino;solteiro;BRASILEIRA;DESCONHECIDO;vestibular;2013.1;A0;PRIVADA;14102100;1999;FALSE;TRUE;FALSE
2012;2014.2;29;masculino;solteiro;BRASILEIRA;ABANDONO;vestibular;2013.1;L1;PUBLICA;14102100;1999;FALSE;FALSE;TRUE
2012;2016.2;28;masculino;solteiro;BRASILEIRA;ABANDONO;vestibular;2013.1;A0;PRIVADA;14102100;1999;FALSE;FALSE;TRUE
2002;2016.2;39;masculino;solteiro;BRASILEIRA;DESCONHECIDO;vestibular;2013.1;A0;PRIVADA;14102100;1999;FALSE;TRUE;FALSE
2012;2018.2;30;masculino;solteiro;BRASILEIRA;DESCONHECIDO;vestibular;2013.1;A0;PRIVADA;14102100;1999;FALSE;TRUE;FALSE
2007;2013.2;35;masculino;solteiro;BRASILEIRA;ABANDONO;vestibular;2013.1;A0;PRIVADA;14102100;1999;FALSE;FALSE;TRUE
2012;2017.2;29;masculino;solteiro;BRASILEIRA;DESCONHECIDO;vestibular;2013.1;A0;PRIVADA;14102100;1999;FALSE;TRUE;FALSE
2004;2016.1;37;masculino;solteiro;BRASILEIRA;DESCONHECIDO;vestibular;2013.1;A0;PRIVADA;14102100;1999;FALSE;TRUE;FALSE
2011;2014.1;31;masculino;solteiro;BRASILEIRA;EXPULSAO;vestibular;2013.1;A0;PUBLICA;14102100;1999;FALSE;FALSE;TRUE
2012;2018.1;30;feminino;solteiro;BRASILEIRA;DESCONHECIDO;vestibular;2013.1;A0;PUBLICA;14102100;1999;FALSE;TRUE;FALSE
2012;2017.2;28;masculino;solteiro;BRASILEIRA;DESCONHECIDO;vestibular;2013.1;L2;PUBLICA;14102100;1999;FALSE;TRUE;FALSE
2012;2013.2;29;masculino;solteiro;BRASILEIRA;EXPULSAO;vestibular;2013.1;A0;PRIVADA;14102100;1999;FALSE;FALSE;TRUE
2011;2018.2;30;masculino;solteiro;BRASILEIRA;DESCONHECIDO;vestibular;2013.1;A0;PRIVADA;14102100;1999;FALSE;TRUE;FALSE
2012;2017.2;29;feminino;solteiro;BRASILEIRA;DESCONHECIDO;vestibular;2013.1;A0;PRIVADA;14102100;1999;FALSE;TRUE;FALSE
2012;2017.2;29;masculino;solteiro;BRASILEIRA;DESCONHECIDO;vestibular;2013.1;A0;PRIVADA;14102100;1999;FALSE;TRUE;FALSE
2012;2018.1;30;feminino;solteiro;BRASILEIRA;DESCONHECIDO;vestibular;2013.1;A0;PRIVADA;14102100;1999;FALSE;TRUE;FALSE
2012;2018.1;29;masculino;solteiro;BRASILEIRA;DESCONHECIDO;vestibular;2013.1;A0;PRIVADA;14102100;1999;FALSE;TRUE;FALSE
2012;2014.1;29;masculino;solteiro;BRASILEIRA;REINGRESSO;vestibular;2013.1;A0;PRIVADA;14102100;1999;FALSE;FALSE;TRUE
2012;2017.1;29;masculino;solteiro;BRASILEIRA;DESCONHECIDO;vestibular;2013.1;A0;PRIVADA;14102100;1999;FALSE;TRUE;FALSE
2011;2013.2;30;masculino;solteiro;BRASILEIRA;TRANSFERENCIA;vestibular;2013.1;A0;PRIVADA;14102100;1999;FALSE;FALSE;TRUE
2009;2015.2;32;feminino;solteiro;BRASILEIRA;EXPULSAO;vestibular;2013.1;A0;PRIVADA;14102100;1999;FALSE;FALSE;TRUE
2012;2014.2;29;masculino;solteiro;BRASILEIRA;ABANDONO;vestibular;2013.1;A0;PRIVADA;14102100;1999;FALSE;FALSE;TRUE
2012;2018.1;30;feminino;solteiro;BRASILEIRA;DESCONHECIDO;vestibular;2013.1;A0;PUBLICA;14102100;1999;FALSE;TRUE;FALSE
2012;2017.2;29;feminino;solteiro;BRASILEIRA;DESCONHECIDO;vestibular;2013.1;L1;PUBLICA;14102100;1999;FALSE;TRUE;FALSE
2010;2017.2;30;masculino;solteiro;BRASILEIRA;DESCONHECIDO;vestibular;2013.1;A0;PRIVADA;14102100;1999;FALSE;TRUE;FALSE
2010;2018.2;31;feminino;solteiro;BRASILEIRA;DESCONHECIDO;vestibular;2013.1;A0;PRIVADA;14102100;1999;FALSE;TRUE;FALSE
2012;2017.2;28;masculino;solteiro;BRASILEIRA;DESCONHECIDO;vestibular;2013.1;A0;PUBLICA;14102100;1999;FALSE;TRUE;FALSE
2012;2017.1;30;masculino;solteiro;BRASILEIRA;DESCONHECIDO;vestibular;2013.1;A0;PRIVADA;14102100;1999;FALSE;TRUE;FALSE
2010;2017.1;31;masculino;solteiro;BRASILEIRA;DESCONHECIDO;vestibular;2013.1;A0;PRIVADA;14102100;1999;FALSE;TRUE;FALSE
2005;2013.2;36;masculino;solteiro;BRASILEIRA;REINGRESSO;vestibular;2013.1;L1;PUBLICA;14102100;1999;FALSE;FALSE;TRUE
2010;2016.2;30;masculino;solteiro;BRASILEIRA;EXPULSAO;vestibular;2013.1;A0;MAJORITARIAMENTE_PRIVADA;14102100;1999;FALSE;FALSE;TRUE
2010;2016.1;33;masculino;solteiro;BRASILEIRA;EXPULSAO;vestibular;2013.1;L6;PUBLICA;14102100;1999;FALSE;FALSE;TRUE
2012;2015.1;30;masculino;solteiro;BRASILEIRA;EXPULSAO;vestibular;2013.1;L5;PUBLICA;14102100;1999;FALSE;FALSE;TRUE
2010;2016.2;32;masculino;solteiro;BRASILEIRA;DESCONHECIDO;vestibular;2013.1;A0;PUBLICA;14102100;1999;FALSE;TRUE;FALSE
2009;2017.1;32;masculino;solteiro;BRASILEIRA;DESCONHECIDO;vestibular;2013.1;A0;PRIVADA;14102100;1999;FALSE;TRUE;FALSE
2012;2015.2;29;masculino;solteiro;BRASILEIRA;REINGRESSO;vestibular;2013.1;A0;PRIVADA;14102100;1999;FALSE;FALSE;TRUE
2011;2014.2;29;masculino;solteiro;BRASILEIRA;ABANDONO;vestibular;2013.1;A0;PRIVADA;14102100;1999;FALSE;FALSE;TRUE
2012;2015.1;29;masculino;solteiro;BRASILEIRA;EXPULSAO;vestibular;2013.1;A0;PRIVADA;14102100;1999;FALSE;FALSE;TRUE
2005;2016.1;36;masculino;solteiro;BRASILEIRA;DESCONHECIDO;vestibular;2013.1;A0;PRIVADA;14102100;1999;FALSE;TRUE;FALSE
2011;2015.1;30;masculino;solteiro;BRASILEIRA;TRANSFERENCIA;vestibular;2013.1;A0;PRIVADA;14102100;1999;FALSE;FALSE;TRUE
2012;2018.1;29;masculino;solteiro;BRASILEIRA;DESCONHECIDO;vestibular;2013.1;A0;PRIVADA;14102100;1999;FALSE;TRUE;FALSE
2012;2017.1;29;masculino;solteiro;BRASILEIRA;EXPULSAO;vestibular;2013.1;L5;PUBLICA;14102100;1999;FALSE;FALSE;TRUE
2009;2014.2;32;masculino;solteiro;BRASILEIRA;EXPULSAO;vestibular;2013.1;A0;PRIVADA;14102100;1999;FALSE;FALSE;TRUE
2009;2014.2;31;masculino;solteiro;BRASILEIRA;EXPULSAO;vestibular;2013.1;A0;PRIVADA;14102100;1999;FALSE;FALSE;TRUE
2010;2016.2;31;masculino;solteiro;BRASILEIRA;EXPULSAO;vestibular;2013.1;A0;PRIVADA;14102100;1999;FALSE;FALSE;TRUE
2012;2018.2;29;masculino;solteiro;BRASILEIRA;DESCONHECIDO;vestibular;2013.1;A0;PRIVADA;14102100;1999;FALSE;TRUE;FALSE
2011;2013.2;30;feminino;solteiro;BRASILEIRA;ABANDONO;vestibular;2013.1;A0;PRIVADA;14102100;1999;FALSE;FALSE;TRUE
2008;2014.2;34;masculino;solteiro;BRASILEIRA;REINGRESSO;vestibular;2013.1;A0;PUBLICA;14102100;1999;FALSE;FALSE;TRUE
2002;2016.2;39;feminino;solteiro;BRASILEIRA;DESCONHECIDO;vestibular;2013.1;A0;PRIVADA;14102100;1999;FALSE;TRUE;FALSE
2012;2015.1;29;masculino;solteiro;BRASILEIRA;EXPULSAO;vestibular;2013.1;A0;PRIVADA;14102100;1999;FALSE;FALSE;TRUE
2012;2014.2;29;masculino;solteiro;BRASILEIRA;ABANDONO;vestibular;2013.1;A0;PRIVADA;14102100;1999;FALSE;FALSE;TRUE
2012;2015.2;30;masculino;solteiro;BRASILEIRA;EXPULSAO;vestibular;2013.1;A0;PRIVADA;14102100;1999;FALSE;FALSE;TRUE
2012;2015.1;29;masculino;solteiro;BRASILEIRA;ABANDONO;vestibular;2013.1;A0;PRIVADA;14102100;1999;FALSE;FALSE;TRUE
2006;2015.2;35;masculino;solteiro;BRASILEIRA;DESCONHECIDO;vestibular;2013.1;A0;PUBLICA;14102100;1999;FALSE;TRUE;FALSE
2012;2014.2;30;feminino;solteiro;BRASILEIRA;ABANDONO;vestibular;2013.1;A0;PUBLICA;14102100;1999;FALSE;FALSE;TRUE
2012;2015.1;29;masculino;solteiro;BRASILEIRA;REINGRESSO;vestibular;2013.1;A0;PRIVADA;14102100;1999;FALSE;FALSE;TRUE
2012;2013.2;29;masculino;solteiro;BRASILEIRA;ABANDONO;vestibular;2013.1;A0;PRIVADA;14102100;1999;FALSE;FALSE;TRUE
2010;2016.1;31;feminino;solteiro;BRASILEIRA;EXPULSAO;vestibular;2013.1;A0;PRIVADA;14102100;1999;FALSE;FALSE;TRUE
2008;2014.1;36;masculino;solteiro;BRASILEIRA;ABANDONO;vestibular;2013.1;L1;PUBLICA;14102100;1999;FALSE;FALSE;TRUE
2012;2015.1;29;masculino;solteiro;BRASILEIRA;EXPULSAO;vestibular;2013.1;A0;PUBLICA;14102100;1999;FALSE;FALSE;TRUE
2012;2017.2;29;feminino;solteiro;BRASILEIRA;DESCONHECIDO;vestibular;2013.1;A0;PRIVADA;14102100;1999;FALSE;TRUE;FALSE
2012;2013.2;29;masculino;solteiro;BRASILEIRA;ABANDONO;vestibular;2013.1;A0;PRIVADA;14102100;1999;FALSE;FALSE;TRUE
2010;2014.2;31;masculino;solteiro;BRASILEIRA;REINGRESSO;vestibular;2013.1;A0;MAJORITARIAMENTE_PRIVADA;14102100;1999;FALSE;FALSE;TRUE
1995;2013.2;47;masculino;solteiro;BRASILEIRA;EXPULSAO;vestibular;2013.1;A0;PUBLICA;14102100;1999;FALSE;FALSE;TRUE
2012;2014.2;30;masculino;solteiro;BRASILEIRA;EXPULSAO;vestibular;2013.1;A0;PRIVADA;14102100;1999;FALSE;FALSE;TRUE
2012;2017.2;30;masculino;solteiro;BRASILEIRA;DESCONHECIDO;vestibular;2013.1;A0;PRIVADA;14102100;1999;FALSE;TRUE;FALSE
2012;2014.2;28;feminino;solteiro;BRASILEIRA;EXPULSAO;vestibular;2013.1;A0;PRIVADA;14102100;1999;FALSE;FALSE;TRUE
2012;2013.2;29;masculino;solteiro;BRASILEIRA;TRANSFERENCIA;vestibular;2013.1;A0;PRIVADA;14102100;1999;FALSE;FALSE;TRUE
2012;2014.2;29;masculino;solteiro;BRASILEIRA;ABANDONO;vestibular;2013.1;A0;PRIVADA;14102100;1999;FALSE;FALSE;TRUE
2012;2020.1;28;masculino;solteiro;BRASILEIRA;DESCONHECIDO;vestibular;2013.1;A0;PRIVADA;14102100;2017;FALSE;TRUE;FALSE
2012;2013.2;29;masculino;solteiro;BRASILEIRA;ABANDONO;vestibular;2013.1;A0;PRIVADA;14102100;1999;FALSE;FALSE;TRUE
2012;2015.1;29;masculino;solteiro;BRASILEIRA;REINGRESSO;vestibular;2013.1;A0;PRIVADA;14102100;1999;FALSE;FALSE;TRUE
2009;2017.2;33;masculino;solteiro;BRASILEIRA;DESCONHECIDO;vestibular;2013.1;A0;PRIVADA;14102100;1999;FALSE;TRUE;FALSE
2007;2019.1;34;masculino;solteiro;BRASILEIRA;DESCONHECIDO;vestibular;2013.1;A0;PRIVADA;14102100;1999;FALSE;TRUE;FALSE
2010;2015.2;31;masculino;solteiro;BRASILEIRA;EXPULSAO;vestibular;2013.1;L6;PUBLICA;14102100;1999;FALSE;FALSE;TRUE
2011;2014.2;30;masculino;solteiro;BRASILEIRA;EXPULSAO;vestibular;2013.1;A0;PUBLICA;14102100;1999;FALSE;FALSE;TRUE
2007;2013.2;35;masculino;solteiro;BRASILEIRA;REINGRESSO;vestibular;2013.1;A0;PRIVADA;14102100;1999;FALSE;FALSE;TRUE
2008;2015.1;34;masculino;solteiro;BRASILEIRA;DESCONHECIDO;vestibular;2013.1;A0;PRIVADA;14102100;1999;FALSE;TRUE;FALSE
2012;2015.1;31;masculino;solteiro;BRASILEIRA;REINGRESSO;vestibular;2013.1;L5;PUBLICA;14102100;1999;FALSE;FALSE;TRUE
2005;2014.2;36;masculino;solteiro;BRASILEIRA;ABANDONO;vestibular;2013.1;L2;PUBLICA;14102100;1999;FALSE;FALSE;TRUE
2011;2015.1;31;masculino;solteiro;BRASILEIRA;EXPULSAO;vestibular;2013.1;A0;PRIVADA;14102100;1999;FALSE;FALSE;TRUE
2012;2015.2;29;masculino;solteiro;BRASILEIRA;EXPULSAO;vestibular;2013.1;A0;PRIVADA;14102100;1999;FALSE;FALSE;TRUE
2007;2020.1;34;masculino;solteiro;BRASILEIRA;ABANDONO;vestibular;2013.1;A0;PUBLICA;14102100;2017;FALSE;FALSE;TRUE
2007;2017.1;36;masculino;solteiro;BRASILEIRA;ABANDONO;vestibular;2013.1;A0;PRIVADA;14102100;1999;FALSE;FALSE;TRUE
2010;2015.2;31;masculino;solteiro;BRASILEIRA;DESCONHECIDO;vestibular;2013.1;A0;PRIVADA;14102100;1999;FALSE;TRUE;FALSE
2009;2015.1;32;feminino;solteiro;BRASILEIRA;EXPULSAO;vestibular;2013.1;A0;PRIVADA;14102100;1999;FALSE;FALSE;TRUE
2012;2015.1;28;masculino;solteiro;BRASILEIRA;EXPULSAO;vestibular;2013.1;A0;PRIVADA;14102100;1999;FALSE;FALSE;TRUE
2012;2015.2;29;masculino;solteiro;BRASILEIRA;EXPULSAO;vestibular;2013.1;A0;PRIVADA;14102100;1999;FALSE;FALSE;TRUE
2012;2013.1;28;masculino;solteiro;BRASILEIRA;ABANDONO;vestibular;2013.1;A0;PRIVADA;14102100;1999;FALSE;FALSE;TRUE
2012;2014.2;29;masculino;solteiro;BRASILEIRA;REINGRESSO;vestibular;2013.1;A0;PRIVADA;14102100;1999;FALSE;FALSE;TRUE
2009;2018.2;32;masculino;solteiro;BRASILEIRA;DESCONHECIDO;vestibular;2013.1;A0;PRIVADA;14102100;1999;FALSE;TRUE;FALSE
2009;2014.1;38;masculino;casado;BRASILEIRA;EXPULSAO;vestibular;2013.1;L2;PUBLICA;14102100;1999;FALSE;FALSE;TRUE
2012;2015.2;29;masculino;solteiro;BRASILEIRA;EXPULSAO;vestibular;2013.1;A0;PRIVADA;14102100;1999;FALSE;FALSE;TRUE
2008;2014.1;34;masculino;solteiro;BRASILEIRA;EXPULSAO;vestibular;2013.1;A0;PUBLICA;14102100;1999;FALSE;FALSE;TRUE
2009;2015.1;31;feminino;solteiro;BRASILEIRA;EXPULSAO;vestibular;2013.1;A0;PRIVADA;14102100;1999;FALSE;FALSE;TRUE
2011;2015.1;30;masculino;solteiro;BRASILEIRA;EXPULSAO;vestibular;2013.1;A0;PRIVADA;14102100;1999;FALSE;FALSE;TRUE
2012;2018.1;29;masculino;solteiro;BRASILEIRA;DESCONHECIDO;vestibular;2013.1;A0;PRIVADA;14102100;1999;FALSE;TRUE;FALSE
2012;2014.1;29;masculino;solteiro;BRASILEIRA;ABANDONO;vestibular;2013.1;A0;PRIVADA;14102100;1999;FALSE;FALSE;TRUE
2012;2015.1;29;feminino;solteiro;BRASILEIRA;EXPULSAO;vestibular;2013.1;A0;PRIVADA;14102100;1999;FALSE;FALSE;TRUE
2008;2016.2;32;masculino;solteiro;BRASILEIRA;REINGRESSO;vestibular;2013.1;A0;PUBLICA;14102100;1999;FALSE;FALSE;TRUE
2012;2013.2;29;masculino;solteiro;BRASILEIRA;ABANDONO;vestibular;2013.1;A0;PRIVADA;14102100;1999;FALSE;FALSE;TRUE
2009;2013.2;32;masculino;solteiro;BRASILEIRA;ABANDONO;vestibular;2013.2;A0;PRIVADA;14102100;1999;FALSE;FALSE;TRUE
2012;2015.2;29;masculino;solteiro;BRASILEIRA;EXPULSAO;vestibular;2013.2;A0;PUBLICA;14102100;1999;FALSE;FALSE;TRUE
2011;2016.2;31;masculino;solteiro;BRASILEIRA;EXPULSAO;vestibular;2013.2;A0;PUBLICA;14102100;1999;FALSE;FALSE;TRUE
2013;2014.2;28;masculino;solteiro;BRASILEIRA;ABANDONO;vestibular;2013.2;A0;PRIVADA;14102100;1999;FALSE;FALSE;TRUE
2012;2018.1;28;feminino;solteiro;BRASILEIRA;DESCONHECIDO;vestibular;2013.2;A0;PUBLICA;14102100;1999;FALSE;TRUE;FALSE
2007;2014.1;34;feminino;solteiro;BRASILEIRA;EXPULSAO;vestibular;2013.2;A0;PRIVADA;14102100;1999;FALSE;FALSE;TRUE
2012;2014.1;29;feminino;solteiro;BRASILEIRA;ABANDONO;vestibular;2013.2;A0;PRIVADA;14102100;1999;FALSE;FALSE;TRUE
2011;2015.1;30;masculino;solteiro;BRASILEIRA;EXPULSAO;vestibular;2013.2;L5;PUBLICA;14102100;1999;FALSE;FALSE;TRUE
2013;2015.1;28;masculino;solteiro;BRASILEIRA;EXPULSAO;vestibular;2013.2;A0;PRIVADA;14102100;1999;FALSE;FALSE;TRUE
2012;2016.2;28;feminino;solteiro;BRASILEIRA;ABANDONO;vestibular;2013.2;A0;PRIVADA;14102100;1999;FALSE;FALSE;TRUE
2012;2017.2;29;masculino;solteiro;BRASILEIRA;DESCONHECIDO;vestibular;2013.2;A0;PRIVADA;14102100;1999;FALSE;TRUE;FALSE
2009;2016.1;32;feminino;solteiro;BRASILEIRA;DESCONHECIDO;vestibular;2013.2;A0;PRIVADA;14102100;1999;FALSE;TRUE;FALSE
2009;2017.1;33;masculino;solteiro;BRASILEIRA;DESCONHECIDO;vestibular;2013.2;A0;MAJORITARIAMENTE_PUBLICA;14102100;1999;FALSE;TRUE;FALSE
2005;2014.1;36;masculino;solteiro;BRASILEIRA;TRANSFERENCIA;vestibular;2013.2;L5;PUBLICA;14102100;1999;FALSE;FALSE;TRUE
2008;2014.1;34;masculino;solteiro;BRASILEIRA;EXPULSAO;vestibular;2013.2;A0;PUBLICA;14102100;1999;FALSE;FALSE;TRUE
2007;2014.1;37;masculino;solteiro;BRASILEIRA;EXPULSAO;vestibular;2013.2;A0;PUBLICA;14102100;1999;FALSE;FALSE;TRUE
2011;2016.1;29;masculino;solteiro;BRASILEIRA;EXPULSAO;vestibular;2013.2;A0;PUBLICA;14102100;1999;FALSE;FALSE;TRUE
2012;2015.2;30;masculino;solteiro;BRASILEIRA;ABANDONO;vestibular;2013.2;L6;PUBLICA;14102100;1999;FALSE;FALSE;TRUE
2012;2014.1;30;masculino;solteiro;BRASILEIRA;EXPULSAO;vestibular;2013.2;A0;PRIVADA;14102100;1999;FALSE;FALSE;TRUE
2012;2014.1;29;masculino;solteiro;BRASILEIRA;ABANDONO;vestibular;2013.2;A0;PRIVADA;14102100;1999;FALSE;FALSE;TRUE
2009;2016.2;32;masculino;solteiro;BRASILEIRA;DESCONHECIDO;vestibular;2013.2;A0;PRIVADA;14102100;1999;FALSE;TRUE;FALSE
2012;2020.1;29;masculino;solteiro;BRASILEIRA;DESCONHECIDO;vestibular;2013.2;A0;PRIVADA;14102100;2017;FALSE;TRUE;FALSE
2010;2014.2;30;masculino;solteiro;BRASILEIRA;REINGRESSO;vestibular;2013.2;A0;PRIVADA;14102100;1999;FALSE;FALSE;TRUE
2012;2017.2;30;masculino;solteiro;BRASILEIRA;DESCONHECIDO;vestibular;2013.2;L5;PUBLICA;14102100;1999;FALSE;TRUE;FALSE
2013;2016.1;28;masculino;solteiro;BRASILEIRA;EXPULSAO;vestibular;2013.2;A0;PRIVADA;14102100;1999;FALSE;FALSE;TRUE
2012;2014.1;29;masculino;solteiro;BRASILEIRA;EXPULSAO;vestibular;2013.2;A0;PRIVADA;14102100;1999;FALSE;FALSE;TRUE
2009;2013.2;32;masculino;solteiro;BRASILEIRA;ABANDONO;vestibular;2013.2;A0;PRIVADA;14102100;1999;FALSE;FALSE;TRUE
2012;2014.1;30;masculino;solteiro;BRASILEIRA;TRANSFERENCIA;vestibular;2013.2;A0;PUBLICA;14102100;1999;FALSE;FALSE;TRUE
2010;2016.1;31;masculino;solteiro;BRASILEIRA;EXPULSAO;vestibular;2013.2;A0;PRIVADA;14102100;1999;FALSE;FALSE;TRUE
2013;2017.2;28;masculino;solteiro;BRASILEIRA;DESCONHECIDO;vestibular;2013.2;A0;PRIVADA;14102100;1999;FALSE;TRUE;FALSE
2012;2018.1;28;feminino;solteiro;BRASILEIRA;DESCONHECIDO;vestibular;2013.2;A0;PRIVADA;14102100;1999;FALSE;TRUE;FALSE
2007;2015.1;35;masculino;solteiro;BRASILEIRA;EXPULSAO;vestibular;2013.2;A0;PRIVADA;14102100;1999;FALSE;FALSE;TRUE
2012;2014.2;30;masculino;solteiro;BRASILEIRA;ABANDONO;vestibular;2013.2;A0;PRIVADA;14102100;1999;FALSE;FALSE;TRUE
2011;2016.1;30;feminino;solteiro;BRASILEIRA;EXPULSAO;vestibular;2013.2;A0;MAJORITARIAMENTE_PUBLICA;14102100;1999;FALSE;FALSE;TRUE
2010;2014.1;31;masculino;solteiro;BRASILEIRA;EXPULSAO;vestibular;2013.2;A0;PRIVADA;14102100;1999;FALSE;FALSE;TRUE
2013;2018.2;28;masculino;solteiro;BRASILEIRA;DESCONHECIDO;vestibular;2013.2;A0;PRIVADA;14102100;1999;FALSE;TRUE;FALSE
2012;2015.1;29;masculino;solteiro;BRASILEIRA;REINGRESSO;vestibular;2013.2;A0;PRIVADA;14102100;1999;FALSE;FALSE;TRUE
2010;2018.2;31;masculino;solteiro;BRASILEIRA;DESCONHECIDO;vestibular;2013.2;L1;PUBLICA;14102100;1999;FALSE;TRUE;FALSE
2011;2019.2;30;masculino;solteiro;BRASILEIRA;ABANDONO;vestibular;2013.2;A0;PRIVADA;14102100;2017;FALSE;FALSE;TRUE
2012;2014.1;29;masculino;solteiro;BRASILEIRA;EXPULSAO;vestibular;2013.2;L2;PUBLICA;14102100;1999;FALSE;FALSE;TRUE
2009;2017.1;32;masculino;solteiro;BRASILEIRA;DESCONHECIDO;vestibular;2013.2;A0;PRIVADA;14102100;1999;FALSE;TRUE;FALSE
2012;2017.2;31;masculino;solteiro;BRASILEIRA;DESCONHECIDO;vestibular;2013.2;L1;PUBLICA;14102100;1999;FALSE;TRUE;FALSE
2012;2014.2;30;masculino;solteiro;BRASILEIRA;EXPULSAO;vestibular;2013.2;A0;PRIVADA;14102100;1999;FALSE;FALSE;TRUE
2012;2016.1;30;masculino;solteiro;BRASILEIRA;EXPULSAO;vestibular;2013.2;A0;PRIVADA;14102100;1999;FALSE;FALSE;TRUE
2011;2014.1;31;masculino;solteiro;BRASILEIRA;ABANDONO;vestibular;2013.2;A0;PUBLICA;14102100;1999;FALSE;FALSE;TRUE
2012;2014.1;29;feminino;solteiro;BRASILEIRA;EXPULSAO;vestibular;2013.2;A0;PRIVADA;14102100;1999;FALSE;FALSE;TRUE
2012;2016.1;29;masculino;solteiro;BRASILEIRA;EXPULSAO;vestibular;2013.2;A0;PRIVADA;14102100;1999;FALSE;FALSE;TRUE
2011;2017.2;31;masculino;solteiro;BRASILEIRA;EXPULSAO;vestibular;2013.2;L6;PUBLICA;14102100;1999;FALSE;FALSE;TRUE
2012;2016.2;28;masculino;solteiro;BRASILEIRA;EXPULSAO;vestibular;2013.2;A0;PRIVADA;14102100;1999;FALSE;FALSE;TRUE
2013;2015.1;30;masculino;solteiro;BRASILEIRA;EXPULSAO;vestibular;2013.2;L2;PUBLICA;14102100;1999;FALSE;FALSE;TRUE
2011;2015.1;31;masculino;solteiro;BRASILEIRA;EXPULSAO;vestibular;2013.2;A0;PRIVADA;14102100;1999;FALSE;FALSE;TRUE
2010;2015.2;31;masculino;solteiro;BRASILEIRA;ABANDONO;vestibular;2013.2;A0;PRIVADA;14102100;1999;FALSE;FALSE;TRUE
2012;2015.2;29;masculino;solteiro;BRASILEIRA;ABANDONO;vestibular;2013.2;A0;PRIVADA;14102100;1999;FALSE;FALSE;TRUE
2005;2017.2;36;feminino;solteiro;BRASILEIRA;REINGRESSO;vestibular;2013.2;A0;PRIVADA;14102100;1999;FALSE;FALSE;TRUE
2012;2018.2;30;masculino;solteiro;BRASILEIRA;DESCONHECIDO;vestibular;2013.2;A0;MAJORITARIAMENTE_PRIVADA;14102100;1999;FALSE;TRUE;FALSE
2007;2017.2;36;masculino;solteiro;BRASILEIRA;EXPULSAO;vestibular;2013.2;A0;PRIVADA;14102100;1999;FALSE;FALSE;TRUE
2012;2016.2;30;masculino;solteiro;BRASILEIRA;EXPULSAO;vestibular;2013.2;L6;PUBLICA;14102100;1999;FALSE;FALSE;TRUE
2009;2016.1;32;masculino;solteiro;BRASILEIRA;DESCONHECIDO;vestibular;2013.2;A0;PRIVADA;14102100;1999;FALSE;TRUE;FALSE
2011;2018.2;30;masculino;solteiro;BRASILEIRA;ABANDONO;vestibular;2013.2;A0;PRIVADA;14102100;1999;FALSE;FALSE;TRUE
2011;2015.1;30;masculino;solteiro;BRASILEIRA;EXPULSAO;vestibular;2013.2;A0;PRIVADA;14102100;1999;FALSE;FALSE;TRUE
2012;2018.2;30;masculino;casado;BRASILEIRA;DESCONHECIDO;vestibular;2013.2;A0;PUBLICA;14102100;1999;FALSE;TRUE;FALSE
2012;2016.1;29;masculino;solteiro;BRASILEIRA;REINGRESSO;vestibular;2013.2;A0;PRIVADA;14102100;1999;FALSE;FALSE;TRUE
2012;2014.1;29;masculino;solteiro;BRASILEIRA;ABANDONO;vestibular;2013.2;A0;PRIVADA;14102100;1999;FALSE;FALSE;TRUE
2009;2019.1;33;masculino;casado;BRASILEIRA;DESCONHECIDO;vestibular;2013.2;A0;PUBLICA;14102100;1999;FALSE;TRUE;FALSE
2006;2016.2;35;feminino;solteiro;BRASILEIRA;EXPULSAO;vestibular;2013.2;A0;PRIVADA;14102100;1999;FALSE;FALSE;TRUE
2008;2018.1;34;masculino;solteiro;BRASILEIRA;ABANDONO;vestibular;2013.2;A0;PRIVADA;14102100;1999;FALSE;FALSE;TRUE
2012;2015.1;29;feminino;solteiro;BRASILEIRA;EXPULSAO;vestibular;2013.2;A0;PRIVADA;14102100;1999;FALSE;FALSE;TRUE
2012;2014.2;29;masculino;solteiro;BRASILEIRA;EXPULSAO;vestibular;2013.2;A0;MAJORITARIAMENTE_PRIVADA;14102100;1999;FALSE;FALSE;TRUE
2005;2016.1;36;masculino;solteiro;BRASILEIRA;EXPULSAO;vestibular;2013.2;A0;PRIVADA;14102100;1999;FALSE;FALSE;TRUE
2010;2014.1;31;masculino;solteiro;BRASILEIRA;EXPULSAO;vestibular;2013.2;A0;PRIVADA;14102100;1999;FALSE;FALSE;TRUE
2008;2017.1;33;feminino;solteiro;BRASILEIRA;DESCONHECIDO;vestibular;2013.2;L2;PUBLICA;14102100;1999;FALSE;TRUE;FALSE
2007;2020.1;34;feminino;solteiro;BRASILEIRA;DESCONHECIDO;vestibular;2013.2;A0;PRIVADA;14102100;2017;FALSE;TRUE;FALSE
2011;2013.2;31;feminino;solteiro;BRASILEIRA;ABANDONO;vestibular;2013.2;A0;PUBLICA;14102100;1999;FALSE;FALSE;TRUE
2010;2015.1;32;masculino;solteiro;BRASILEIRA;EXPULSAO;vestibular;2013.2;A0;PRIVADA;14102100;1999;FALSE;FALSE;TRUE
2012;2016.2;30;masculino;solteiro;BRASILEIRA;REINGRESSO;vestibular;2013.2;A0;PUBLICA;14102100;1999;FALSE;FALSE;TRUE
2011;2018.1;31;masculino;solteiro;BRASILEIRA;DESCONHECIDO;transferencia;2013.2;A0;MAJORITARIAMENTE_PUBLICA;14102100;1999;FALSE;TRUE;FALSE
2011;2018.1;30;masculino;solteiro;BRASILEIRA;DESCONHECIDO;transferencia;2013.2;A0;MAJORITARIAMENTE_PRIVADA;14102100;1999;FALSE;TRUE;FALSE
2002;2014.1;42;masculino;solteiro;BRASILEIRA;EXPULSAO;vestibular;2013.2;A0;PRIVADA;14102100;1999;FALSE;FALSE;TRUE
2012;2013.2;29;feminino;solteiro;BRASILEIRA;ABANDONO;vestibular;2013.2;A0;PRIVADA;14102100;1999;FALSE;FALSE;TRUE
2011;2016.2;30;masculino;solteiro;BRASILEIRA;EXPULSAO;vestibular;2013.2;A0;PRIVADA;14102100;1999;FALSE;FALSE;TRUE
2011;2016.2;30;masculino;solteiro;BRASILEIRA;REINGRESSO;vestibular;2013.2;A0;PRIVADA;14102100;1999;FALSE;FALSE;TRUE
2012;2015.2;29;masculino;solteiro;BRASILEIRA;EXPULSAO;vestibular;2013.2;A0;PRIVADA;14102100;1999;FALSE;FALSE;TRUE
2009;2018.2;31;masculino;solteiro;BRASILEIRA;DESCONHECIDO;vestibular;2013.2;A0;PRIVADA;14102100;1999;FALSE;TRUE;FALSE
2012;2014.1;29;masculino;solteiro;BRASILEIRA;ABANDONO;vestibular;2013.2;A0;PRIVADA;14102100;1999;FALSE;FALSE;TRUE
2010;2015.2;31;masculino;solteiro;BRASILEIRA;REINGRESSO;vestibular;2013.2;A0;PUBLICA;14102100;1999;FALSE;FALSE;TRUE
2011;2014.1;34;masculino;solteiro;BRASILEIRA;ABANDONO;vestibular;2013.2;L1;PUBLICA;14102100;1999;FALSE;FALSE;TRUE
2007;2014.1;35;masculino;solteiro;BRASILEIRA;EXPULSAO;vestibular;2013.2;L1;PUBLICA;14102100;1999;FALSE;FALSE;TRUE
2012;2022.1;30;masculino;solteiro;BRASILEIRA;CANCELAMENTO;vestibular;2013.2;A0;PRIVADA;14102100;2017;FALSE;FALSE;TRUE
2012;2016.1;30;masculino;solteiro;BRASILEIRA;REINGRESSO;vestibular;2013.2;A0;PUBLICA;14102100;1999;FALSE;FALSE;TRUE
2011;2015.2;31;masculino;solteiro;BRASILEIRA;EXPULSAO;vestibular;2013.2;A0;PRIVADA;14102100;1999;FALSE;FALSE;TRUE
2012;2014.2;29;feminino;solteiro;BRASILEIRA;EXPULSAO;vestibular;2013.2;A0;PRIVADA;14102100;1999;FALSE;FALSE;TRUE
2009;2017.2;33;masculino;solteiro;BRASILEIRA;DESCONHECIDO;vestibular;2013.2;A0;PRIVADA;14102100;1999;FALSE;TRUE;FALSE
2012;2015.2;28;masculino;solteiro;BRASILEIRA;EXPULSAO;vestibular;2013.2;A0;PRIVADA;14102100;1999;FALSE;FALSE;TRUE
2012;2014.1;30;masculino;solteiro;BRASILEIRA;ABANDONO;vestibular;2013.2;L5;PUBLICA;14102100;1999;FALSE;FALSE;TRUE
2011;2016.2;30;masculino;solteiro;BRASILEIRA;DESCONHECIDO;vestibular;2013.2;A0;PRIVADA;14102100;1999;FALSE;TRUE;FALSE
2012;2014.1;30;masculino;solteiro;BRASILEIRA;TRANSFERENCIA;vestibular;2013.2;A0;PRIVADA;14102100;1999;FALSE;FALSE;TRUE
2010;2015.2;31;feminino;solteiro;BRASILEIRA;REINGRESSO;vestibular;2013.2;A0;PRIVADA;14102100;1999;FALSE;FALSE;TRUE
2011;2014.1;31;masculino;solteiro;BRASILEIRA;EXPULSAO;reopcao;2013.2;A0;PRIVADA;14102100;1999;FALSE;FALSE;TRUE
2010;2016.2;33;masculino;solteiro;BRASILEIRA;REINGRESSO;reopcao;2013.2;A0;PUBLICA;14102100;1999;FALSE;FALSE;TRUE
2011;2018.2;30;masculino;solteiro;BRASILEIRA;DESCONHECIDO;reopcao;2013.2;A0;PRIVADA;14102100;1999;FALSE;TRUE;FALSE
2003;2015.1;40;masculino;casado;BRASILEIRA;ABANDONO;vestibular;2013.2;A0;PRIVADA;14102100;1999;FALSE;FALSE;TRUE
2009;2018.1;32;masculino;solteiro;BRASILEIRA;EXPULSAO;vestibular;2013.2;A0;PRIVADA;14102100;1999;FALSE;FALSE;TRUE
2009;2017.1;32;masculino;solteiro;BRASILEIRA;ABANDONO;vestibular;2013.2;A0;PRIVADA;14102100;1999;FALSE;FALSE;TRUE
2002;2013.2;40;masculino;casado;BRASILEIRA;ABANDONO;vestibular;2013.2;A0;MAJORITARIAMENTE_PRIVADA;14102100;1999;FALSE;FALSE;TRUE
1990;2014.1;54;masculino;casado;BRASILEIRA;EXPULSAO;vestibular;2013.2;A0;PRIVADA;14102100;1999;FALSE;FALSE;TRUE
2013;2016.2;28;masculino;solteiro;BRASILEIRA;REINGRESSO;decisao_judicial_adm;2013.2;A0;PRIVADA;14102100;1999;FALSE;FALSE;TRUE
2009;2019.1;33;masculino;solteiro;BRASILEIRA;DESCONHECIDO;vestibular;2013.2;A0;PRIVADA;14102100;1999;FALSE;TRUE;FALSE
2012;2019.2;28;feminino;solteiro;BRASILEIRA;ABANDONO;vestibular;2013.2;A0;PRIVADA;14102100;2017;FALSE;FALSE;TRUE
2012;2015.1;30;masculino;solteiro;BRASILEIRA;EXPULSAO;vestibular;2013.2;A0;PRIVADA;14102100;1999;FALSE;FALSE;TRUE
2012;2014.2;30;feminino;solteiro;BRASILEIRA;ABANDONO;vestibular;2013.2;A0;PRIVADA;14102100;1999;FALSE;FALSE;TRUE
2012;2014.1;30;masculino;solteiro;BRASILEIRA;ABANDONO;vestibular;2013.2;A0;PRIVADA;14102100;1999;FALSE;FALSE;TRUE
2009;2019.1;32;feminino;solteiro;BRASILEIRA;DESCONHECIDO;vestibular;2013.2;A0;PRIVADA;14102100;1999;FALSE;TRUE;FALSE
2012;2019.1;29;masculino;solteiro;BRASILEIRA;DESCONHECIDO;vestibular;2013.2;A0;PRIVADA;14102100;1999;FALSE;TRUE;FALSE
2009;2015.1;33;masculino;solteiro;BRASILEIRA;EXPULSAO;vestibular;2013.2;A0;PRIVADA;14102100;1999;FALSE;FALSE;TRUE
2013;2021.1;28;masculino;solteiro;BRASILEIRA;DESCONHECIDO;vestibular;2014.1;A0;PRIVADA;14102100;2017;FALSE;TRUE;FALSE
2010;2015.2;33;masculino;solteiro;BRASILEIRA;EXPULSAO;vestibular;2014.1;A0;PRIVADA;14102100;1999;FALSE;FALSE;TRUE
2013;2017.2;29;masculino;solteiro;BRASILEIRA;REINGRESSO;vestibular;2014.1;A0;PRIVADA;14102100;1999;FALSE;FALSE;TRUE
2011;2016.1;30;masculino;solteiro;BRASILEIRA;EXPULSAO;vestibular;2014.1;A0;PRIVADA;14102100;1999;FALSE;FALSE;TRUE
2007;2015.1;34;feminino;solteiro;BRASILEIRA;DESCONHECIDO;vestibular;2014.1;A0;PRIVADA;14102100;1999;FALSE;TRUE;FALSE
2013;2020.2;29;masculino;solteiro;BRASILEIRA;DESCONHECIDO;vestibular;2014.1;L6;PUBLICA;14102100;2017;FALSE;TRUE;FALSE
2013;2014.2;29;masculino;solteiro;BRASILEIRA;ABANDONO;vestibular;2014.1;A0;PRIVADA;14102100;1999;FALSE;FALSE;TRUE
2007;2019.2;35;masculino;solteiro;BRASILEIRA;DESCONHECIDO;vestibular;2014.1;A0;PRIVADA;14102100;1999;FALSE;TRUE;FALSE
2013;2018.2;28;masculino;solteiro;BRASILEIRA;DESCONHECIDO;vestibular;2014.1;A0;PRIVADA;14102100;1999;FALSE;TRUE;FALSE
2007;2016.2;34;feminino;solteiro;BRASILEIRA;REINGRESSO;vestibular;2014.1;A0;MAJORITARIAMENTE_PRIVADA;14102100;1999;FALSE;FALSE;TRUE
2013;2018.2;28;masculino;solteiro;BRASILEIRA;DESCONHECIDO;vestibular;2014.1;A0;PRIVADA;14102100;1999;FALSE;TRUE;FALSE
2011;2016.1;31;masculino;solteiro;BRASILEIRA;EXPULSAO;vestibular;2014.1;A0;PRIVADA;14102100;1999;FALSE;FALSE;TRUE
2013;2018.2;28;masculino;solteiro;BRASILEIRA;DESCONHECIDO;vestibular;2014.1;A0;MAJORITARIAMENTE_PRIVADA;14102100;1999;FALSE;TRUE;FALSE
2002;2015.2;40;masculino;solteiro;BRASILEIRA;EXPULSAO;vestibular;2014.1;A0;PRIVADA;14102100;1999;FALSE;FALSE;TRUE
2012;2016.2;30;masculino;solteiro;BRASILEIRA;ABANDONO;vestibular;2014.1;A0;PRIVADA;14102100;1999;FALSE;FALSE;TRUE
2013;2016.1;28;masculino;solteiro;BRASILEIRA;TRANSFERENCIA;vestibular;2014.1;A0;PRIVADA;14102100;1999;FALSE;FALSE;TRUE
2007;2014.2;34;masculino;solteiro;BRASILEIRA;EXPULSAO;vestibular;2014.1;A0;PRIVADA;14102100;1999;FALSE;FALSE;TRUE
2013;2016.1;28;masculino;solteiro;BRASILEIRA;ABANDONO;vestibular;2014.1;A0;PRIVADA;14102100;1999;FALSE;FALSE;TRUE
2013;2018.2;27;feminino;solteiro;BRASILEIRA;DESCONHECIDO;vestibular;2014.1;A0;PRIVADA;14102100;1999;FALSE;TRUE;FALSE
2013;2014.2;28;masculino;solteiro;BRASILEIRA;EXPULSAO;vestibular;2014.1;A0;PRIVADA;14102100;1999;FALSE;FALSE;TRUE
2010;2017.1;31;masculino;solteiro;BRASILEIRA;DESCONHECIDO;vestibular;2014.1;A0;PRIVADA;14102100;1999;FALSE;TRUE;FALSE
2013;2019.1;28;masculino;solteiro;BRASILEIRA;DESCONHECIDO;vestibular;2014.1;A0;PRIVADA;14102100;1999;FALSE;TRUE;FALSE
2013;2016.2;27;masculino;solteiro;BRASILEIRA;EXPULSAO;vestibular;2014.1;A0;PRIVADA;14102100;1999;FALSE;FALSE;TRUE
2013;2015.1;28;masculino;solteiro;BRASILEIRA;ABANDONO;vestibular;2014.1;A0;PRIVADA;14102100;1999;FALSE;FALSE;TRUE
2006;2016.2;35;feminino;solteiro;BRASILEIRA;REINGRESSO;vestibular;2014.1;A0;PUBLICA;14102100;1999;FALSE;FALSE;TRUE
2013;2019.1;27;feminino;solteiro;BRASILEIRA;DESCONHECIDO;vestibular;2014.1;A0;PRIVADA;14102100;1999;FALSE;TRUE;FALSE
2010;2016.2;31;masculino;solteiro;BRASILEIRA;REINGRESSO;vestibular;2014.1;L1;PUBLICA;14102100;1999;FALSE;FALSE;TRUE
2013;2016.2;28;masculino;solteiro;BRASILEIRA;REINGRESSO;vestibular;2014.1;L5;PUBLICA;14102100;1999;FALSE;FALSE;TRUE
2013;2016.1;28;feminino;solteiro;BRASILEIRA;REINGRESSO;vestibular;2014.1;A0;PUBLICA;14102100;1999;FALSE;FALSE;TRUE
2011;2018.2;29;masculino;solteiro;BRASILEIRA;DESCONHECIDO;vestibular;2014.1;L5;PUBLICA;14102100;1999;FALSE;TRUE;FALSE
2013;2019.1;28;masculino;solteiro;BRASILEIRA;DESCONHECIDO;vestibular;2014.1;A0;PRIVADA;14102100;1999;FALSE;TRUE;FALSE
2012;2016.1;29;masculino;solteiro;BRASILEIRA;EXPULSAO;vestibular;2014.1;A0;PRIVADA;14102100;1999;FALSE;FALSE;TRUE
2007;2017.2;34;masculino;solteiro;BRASILEIRA;DESCONHECIDO;vestibular;2014.1;A0;PUBLICA;14102100;1999;FALSE;TRUE;FALSE
2013;2018.1;28;masculino;solteiro;BRASILEIRA;DESCONHECIDO;vestibular;2014.1;A0;PRIVADA;14102100;1999;FALSE;TRUE;FALSE
2013;2016.1;28;masculino;solteiro;BRASILEIRA;REINGRESSO;vestibular;2014.1;A0;PRIVADA;14102100;1999;FALSE;FALSE;TRUE
2013;2016.1;28;masculino;solteiro;BRASILEIRA;REINGRESSO;vestibular;2014.1;A0;PRIVADA;14102100;1999;FALSE;FALSE;TRUE
2010;2015.1;30;masculino;solteiro;BRASILEIRA;REINGRESSO;vestibular;2014.1;A0;PRIVADA;14102100;1999;FALSE;FALSE;TRUE
2011;2015.2;29;masculino;solteiro;BRASILEIRA;EXPULSAO;vestibular;2014.1;A0;PRIVADA;14102100;1999;FALSE;FALSE;TRUE
2013;2016.1;28;masculino;solteiro;BRASILEIRA;EXPULSAO;vestibular;2014.1;L1;PUBLICA;14102100;1999;FALSE;FALSE;TRUE
2013;2018.2;28;masculino;solteiro;BRASILEIRA;DESCONHECIDO;vestibular;2014.1;L2;PUBLICA;14102100;1999;FALSE;TRUE;FALSE
2013;2022.1;28;masculino;solteiro;BRASILEIRA;DESCONHECIDO;vestibular;2014.1;A0;PRIVADA;14102100;2017;FALSE;TRUE;FALSE
2013;2017.1;28;masculino;solteiro;BRASILEIRA_POR_NATURALIZACAO;EXPULSAO;vestibular;2014.1;A0;PRIVADA;14102100;1999;FALSE;FALSE;TRUE
2013;2015.1;29;feminino;solteiro;BRASILEIRA;EXPULSAO;vestibular;2014.1;L5;PUBLICA;14102100;1999;FALSE;FALSE;TRUE
2013;2019.1;27;feminino;solteiro;BRASILEIRA;DESCONHECIDO;vestibular;2014.1;A0;PRIVADA;14102100;1999;FALSE;TRUE;FALSE
2013;2014.2;29;masculino;solteiro;BRASILEIRA;ABANDONO;vestibular;2014.1;L6;PUBLICA;14102100;1999;FALSE;FALSE;TRUE
2013;2018.1;28;feminino;solteiro;BRASILEIRA;ABANDONO;vestibular;2014.1;A0;PRIVADA;14102100;1999;FALSE;FALSE;TRUE
2012;2014.2;29;masculino;solteiro;BRASILEIRA;TRANSFERENCIA;vestibular;2014.1;A0;PRIVADA;14102100;1999;FALSE;FALSE;TRUE
2013;2015.1;28;feminino;solteiro;BRASILEIRA;EXPULSAO;vestibular;2014.1;A0;PRIVADA;14102100;1999;FALSE;FALSE;TRUE
2013;2014.2;28;masculino;solteiro;BRASILEIRA;ABANDONO;vestibular;2014.1;A0;PRIVADA;14102100;1999;FALSE;FALSE;TRUE
2008;2016.2;33;masculino;solteiro;BRASILEIRA;EXPULSAO;vestibular;2014.1;A0;PRIVADA;14102100;1999;FALSE;FALSE;TRUE
2013;2014.2;28;feminino;solteiro;BRASILEIRA;EXPULSAO;vestibular;2014.1;A0;PRIVADA;14102100;1999;FALSE;FALSE;TRUE
2013;2018.2;28;masculino;solteiro;BRASILEIRA;DESCONHECIDO;vestibular;2014.1;L5;PUBLICA;14102100;1999;FALSE;TRUE;FALSE
2011;2014.2;31;masculino;solteiro;BRASILEIRA;ABANDONO;vestibular;2014.1;A0;PRIVADA;14102100;1999;FALSE;FALSE;TRUE
2010;2016.1;30;masculino;solteiro;BRASILEIRA;REINGRESSO;vestibular;2014.1;A0;PRIVADA;14102100;1999;FALSE;FALSE;TRUE
2007;2016.2;34;masculino;solteiro;BRASILEIRA;DESCONHECIDO;vestibular;2014.1;L6;PUBLICA;14102100;1999;FALSE;TRUE;FALSE
2013;2019.2;28;masculino;solteiro;BRASILEIRA;REINGRESSO;vestibular;2014.1;A0;PRIVADA;14102100;2017;FALSE;FALSE;TRUE
2013;2019.1;28;feminino;solteiro;BRASILEIRA;DESCONHECIDO;vestibular;2014.1;L1;PUBLICA;14102100;1999;FALSE;TRUE;FALSE
2011;2018.1;30;feminino;solteiro;BRASILEIRA;DESCONHECIDO;vestibular;2014.1;A0;PRIVADA;14102100;1999;FALSE;TRUE;FALSE
2013;2019.2;28;masculino;solteiro;BRASILEIRA;DESCONHECIDO;vestibular;2014.1;A0;PRIVADA;14102100;2017;FALSE;TRUE;FALSE
2010;2017.1;31;masculino;desconhecido;BRASILEIRA;REINGRESSO;vestibular;2014.1;A0;PRIVADA;14102100;1999;FALSE;FALSE;TRUE
2000;2014.2;45;masculino;casado;BRASILEIRA;EXPULSAO;vestibular;2014.1;L6;PUBLICA;14102100;1999;FALSE;FALSE;TRUE
2004;2016.1;37;masculino;solteiro;BRASILEIRA;DESCONHECIDO;vestibular;2014.1;A0;PRIVADA;14102100;1999;FALSE;TRUE;FALSE
2013;2016.1;29;masculino;solteiro;BRASILEIRA;REINGRESSO;vestibular;2014.1;L6;PUBLICA;14102100;1999;FALSE;FALSE;TRUE
2013;2015.2;28;masculino;solteiro;BRASILEIRA;EXPULSAO;vestibular;2014.1;A0;PRIVADA;14102100;1999;FALSE;FALSE;TRUE
2003;2014.2;38;masculino;solteiro;BRASILEIRA;EXPULSAO;vestibular;2014.1;A0;PRIVADA;14102100;1999;FALSE;FALSE;TRUE
2013;2019.1;28;masculino;solteiro;BRASILEIRA;DESCONHECIDO;vestibular;2014.1;A0;PRIVADA;14102100;1999;FALSE;TRUE;FALSE
2013;2015.1;28;masculino;solteiro;BRASILEIRA;ABANDONO;vestibular;2014.1;A0;PRIVADA;14102100;1999;FALSE;FALSE;TRUE
2010;2021.2;31;masculino;solteiro;BRASILEIRA;DESCONHECIDO;vestibular;2014.1;A0;PRIVADA;14102100;2017;FALSE;TRUE;FALSE
2013;2019.1;28;masculino;solteiro;BRASILEIRA;DESCONHECIDO;vestibular;2014.1;A0;PRIVADA;14102100;1999;FALSE;TRUE;FALSE
2009;2016.1;32;masculino;solteiro;BRASILEIRA;REINGRESSO;vestibular;2014.1;L2;PUBLICA;14102100;1999;FALSE;FALSE;TRUE
2013;2016.2;28;feminino;solteiro;BRASILEIRA;EXPULSAO;vestibular;2014.1;A0;PRIVADA;14102100;1999;FALSE;FALSE;TRUE
2006;2016.1;35;masculino;solteiro;BRASILEIRA;EXPULSAO;vestibular;2014.1;L1;PUBLICA;14102100;1999;FALSE;FALSE;TRUE
2013;2016.2;28;masculino;solteiro;BRASILEIRA;EXPULSAO;vestibular;2014.1;A0;PRIVADA;14102100;1999;FALSE;FALSE;TRUE
2010;2017.2;32;feminino;solteiro;BRASILEIRA;DESCONHECIDO;vestibular;2014.1;A0;PUBLICA;14102100;1999;FALSE;TRUE;FALSE
2007;2016.1;33;masculino;solteiro;BRASILEIRA;DESCONHECIDO;vestibular;2014.1;A0;PRIVADA;14102100;1999;FALSE;TRUE;FALSE
2012;2016.2;29;masculino;solteiro;BRASILEIRA;ABANDONO;vestibular;2014.1;A0;PRIVADA;14102100;1999;FALSE;FALSE;TRUE
2013;2014.2;28;feminino;solteiro;BRASILEIRA;REINGRESSO;vestibular;2014.1;A0;PRIVADA;14102100;1999;FALSE;FALSE;TRUE
2013;2015.1;28;masculino;solteiro;BRASILEIRA;REINGRESSO;vestibular;2014.1;L2;PUBLICA;14102100;1999;FALSE;FALSE;TRUE
2013;2015.2;29;masculino;solteiro;BRASILEIRA;ABANDONO;vestibular;2014.1;A0;PRIVADA;14102100;1999;FALSE;FALSE;TRUE
2012;2014.2;29;masculino;solteiro;BRASILEIRA;TRANSFERENCIA;vestibular;2014.1;A0;PRIVADA;14102100;1999;FALSE;FALSE;TRUE
2013;2014.1;28;masculino;solteiro;BRASILEIRA;ABANDONO;vestibular;2014.1;A0;PRIVADA;14102100;1999;FALSE;FALSE;TRUE
2012;2016.2;29;masculino;solteiro;BRASILEIRA;REINGRESSO;vestibular;2014.1;L2;PUBLICA;14102100;1999;FALSE;FALSE;TRUE
2009;2014.2;33;feminino;solteiro;BRASILEIRA;REINGRESSO;vestibular;2014.1;A0;PRIVADA;14102100;1999;FALSE;FALSE;TRUE
2012;2016.2;29;feminino;solteiro;BRASILEIRA;REINGRESSO;vestibular;2014.1;L6;PUBLICA;14102100;1999;FALSE;FALSE;TRUE
2011;2014.1;29;masculino;solteiro;BRASILEIRA;ABANDONO;vestibular;2014.1;A0;MAJORITARIAMENTE_PRIVADA;14102100;1999;FALSE;FALSE;TRUE
2010;2016.1;30;masculino;solteiro;BRASILEIRA;EXPULSAO;vestibular;2014.1;L1;PUBLICA;14102100;1999;FALSE;FALSE;TRUE
2009;2015.2;33;masculino;solteiro;BRASILEIRA;EXPULSAO;vestibular;2014.1;A0;PRIVADA;14102100;1999;FALSE;FALSE;TRUE
2013;2015.1;28;masculino;solteiro;BRASILEIRA;EXPULSAO;vestibular;2014.1;A0;PRIVADA;14102100;1999;FALSE;FALSE;TRUE
2011;2016.1;30;masculino;solteiro;BRASILEIRA;EXPULSAO;vestibular;2014.1;L6;PUBLICA;14102100;1999;FALSE;FALSE;TRUE
2013;2016.2;29;masculino;solteiro;BRASILEIRA;ABANDONO;vestibular;2014.1;A0;PRIVADA;14102100;1999;FALSE;FALSE;TRUE
2010;2018.1;32;feminino;solteiro;BRASILEIRA;DESCONHECIDO;vestibular;2014.1;L1;PUBLICA;14102100;1999;FALSE;TRUE;FALSE
2013;2014.2;28;masculino;solteiro;BRASILEIRA;ABANDONO;vestibular;2014.1;A0;PRIVADA;14102100;1999;FALSE;FALSE;TRUE
2013;2019.1;28;masculino;solteiro;BRASILEIRA;DESCONHECIDO;vestibular;2014.1;A0;PRIVADA;14102100;1999;FALSE;TRUE;FALSE
2013;2018.2;28;masculino;solteiro;BRASILEIRA;DESCONHECIDO;vestibular;2014.1;A0;PRIVADA;14102100;1999;FALSE;TRUE;FALSE
2013;2018.2;28;masculino;solteiro;BRASILEIRA;DESCONHECIDO;vestibular;2014.1;A0;PRIVADA;14102100;1999;FALSE;TRUE;FALSE
2007;2016.2;34;masculino;solteiro;BRASILEIRA;DESCONHECIDO;vestibular;2014.1;A0;PRIVADA;14102100;1999;FALSE;TRUE;FALSE
2007;2014.2;35;masculino;solteiro;BRASILEIRA;EXPULSAO;vestibular;2014.1;A0;PRIVADA;14102100;1999;FALSE;FALSE;TRUE
1995;2015.1;46;masculino;casado;BRASILEIRA;ABANDONO;vestibular;2014.1;A0;PUBLICA;14102100;1999;FALSE;FALSE;TRUE
2012;2015.2;30;feminino;solteiro;BRASILEIRA;ABANDONO;vestibular;2014.1;L5;PUBLICA;14102100;1999;FALSE;FALSE;TRUE
1995;2014.1;47;masculino;solteiro;BRASILEIRA;ABANDONO;vestibular;2014.1;A0;MAJORITARIAMENTE_PRIVADA;14102100;1999;FALSE;FALSE;TRUE
2013;2015.2;29;masculino;solteiro;BRASILEIRA;ABANDONO;vestibular;2014.1;A0;PRIVADA;14102100;1999;FALSE;FALSE;TRUE
2013;2015.2;29;masculino;solteiro;BRASILEIRA;EXPULSAO;vestibular;2014.1;L1;DESCONHECIDA;14102100;1999;FALSE;FALSE;TRUE
2009;2015.2;32;masculino;solteiro;BRASILEIRA;DESCONHECIDO;vestibular;2014.1;A0;PRIVADA;14102100;1999;FALSE;TRUE;FALSE
2012;2021.1;28;masculino;solteiro;BRASILEIRA;DESCONHECIDO;vestibular;2014.1;L1;PUBLICA;14102100;2017;FALSE;TRUE;FALSE
2013;2019.2;28;masculino;solteiro;BRASILEIRA;DESCONHECIDO;vestibular;2014.1;A0;PUBLICA;14102100;2017;FALSE;TRUE;FALSE
2009;2016.1;34;masculino;solteiro;BRASILEIRA;DESCONHECIDO;vestibular;2014.1;A0;PUBLICA;14102100;1999;FALSE;TRUE;FALSE
2011;2020.2;30;masculino;solteiro;BRASILEIRA;ABANDONO;vestibular;2014.1;A0;PRIVADA;14102100;2017;FALSE;FALSE;TRUE
2011;2014.2;30;masculino;solteiro;BRASILEIRA;EXPULSAO;vestibular;2014.1;A0;PRIVADA;14102100;1999;FALSE;FALSE;TRUE
2010;2016.2;31;masculino;solteiro;BRASILEIRA;DESCONHECIDO;vestibular;2014.1;A0;PRIVADA;14102100;1999;FALSE;TRUE;FALSE
2013;2014.1;28;masculino;solteiro;BRASILEIRA;ABANDONO;vestibular;2014.1;A0;PRIVADA;14102100;1999;FALSE;FALSE;TRUE
2013;2016.2;28;masculino;solteiro;BRASILEIRA;EXPULSAO;vestibular;2014.1;A0;PRIVADA;14102100;1999;FALSE;FALSE;TRUE
2012;2016.1;31;masculino;solteiro;BRASILEIRA;EXPULSAO;vestibular;2014.1;L1;PUBLICA;14102100;1999;FALSE;FALSE;TRUE
2010;2018.2;31;masculino;solteiro;BRASILEIRA;DESCONHECIDO;reopcao;2014.1;A0;PRIVADA;14102100;1999;FALSE;TRUE;FALSE
2009;2017.2;32;masculino;solteiro;BRASILEIRA;EXPULSAO;reopcao;2014.1;A0;PUBLICA;14102100;1999;FALSE;FALSE;TRUE
2010;2015.1;32;masculino;solteiro;BRASILEIRA;EXPULSAO;vestibular;2014.1;L2;DESCONHECIDA;14102100;1999;FALSE;FALSE;TRUE
2011;2019.1;30;masculino;solteiro;BRASILEIRA;DESCONHECIDO;vestibular;2014.1;A0;PRIVADA;14102100;1999;FALSE;TRUE;FALSE
2006;2017.2;36;masculino;solteiro;BRASILEIRA;DESCONHECIDO;vestibular;2014.1;L1;PUBLICA;14102100;1999;FALSE;TRUE;FALSE
2012;2019.1;29;masculino;solteiro;BRASILEIRA;DESCONHECIDO;sisu;2014.2;A0;PRIVADA;14102100;2017;FALSE;TRUE;FALSE
2010;2016.2;30;masculino;solteiro;BRASILEIRA;REINGRESSO;sisu;2014.2;A0;PRIVADA;14102100;1999;FALSE;FALSE;TRUE
2011;2019.1;30;feminino;solteiro;BRASILEIRA;DESCONHECIDO;sisu;2014.2;A0;PRIVADA;14102100;1999;FALSE;TRUE;FALSE
2013;2019.1;29;masculino;solteiro;BRASILEIRA;DESCONHECIDO;sisu;2014.2;L1;PUBLICA;14102100;1999;FALSE;TRUE;FALSE
2007;2019.1;33;masculino;solteiro;BRASILEIRA;DESCONHECIDO;sisu;2014.2;L2;PUBLICA;14102100;1999;FALSE;TRUE;FALSE
2009;2017.2;33;masculino;solteiro;BRASILEIRA;DESCONHECIDO;sisu;2014.2;A0;PRIVADA;14102100;1999;FALSE;TRUE;FALSE
2013;2019.2;29;feminino;solteiro;BRASILEIRA;DESCONHECIDO;sisu;2014.2;L5;PUBLICA;14102100;2017;FALSE;TRUE;FALSE
2006;2015.1;35;masculino;solteiro;BRASILEIRA;ABANDONO;sisu;2014.2;A0;PRIVADA;14102100;1999;FALSE;FALSE;TRUE
2013;2019.1;29;masculino;solteiro;BRASILEIRA;DESCONHECIDO;sisu;2014.2;L6;PUBLICA;14102100;1999;FALSE;TRUE;FALSE
1982;2015.2;60;masculino;casado;BRASILEIRA;EXPULSAO;sisu;2014.2;A0;PRIVADA;14102100;1999;FALSE;FALSE;TRUE
2013;2015.1;28;masculino;solteiro;BRASILEIRA;ABANDONO;sisu;2014.2;L2;PUBLICA;14102100;1999;FALSE;FALSE;TRUE
2012;2019.1;30;masculino;solteiro;BRASILEIRA;DESCONHECIDO;sisu;2014.2;A0;PRIVADA;14102100;2017;FALSE;TRUE;FALSE
2013;2019.1;27;masculino;solteiro;BRASILEIRA;DESCONHECIDO;sisu;2014.2;A0;PRIVADA;14102100;1999;FALSE;TRUE;FALSE
2010;2015.2;31;masculino;solteiro;BRASILEIRA;ABANDONO;sisu;2014.2;A0;PRIVADA;14102100;1999;FALSE;FALSE;TRUE
2014;2019.1;27;masculino;solteiro;BRASILEIRA;DESCONHECIDO;sisu;2014.2;A0;PRIVADA;14102100;2017;FALSE;TRUE;FALSE
2013;2018.2;29;masculino;solteiro;BRASILEIRA;DESCONHECIDO;sisu;2014.2;A0;PUBLICA;14102100;1999;FALSE;TRUE;FALSE
2007;2016.2;33;masculino;solteiro;BRASILEIRA;EXPULSAO;sisu;2014.2;A0;PRIVADA;14102100;1999;FALSE;FALSE;TRUE
2014;2019.2;30;masculino;solteiro;BRASILEIRA;DESCONHECIDO;sisu;2014.2;A0;PUBLICA;14102100;2017;FALSE;TRUE;FALSE
2014;2017.1;28;feminino;casado;BRASILEIRA;EXPULSAO;sisu;2014.2;A0;PUBLICA;14102100;1999;FALSE;FALSE;TRUE
2013;2016.1;28;masculino;solteiro;BRASILEIRA;EXPULSAO;sisu;2014.2;A0;PRIVADA;14102100;1999;FALSE;FALSE;TRUE
2012;2017.2;29;masculino;solteiro;BRASILEIRA;DESCONHECIDO;sisu;2014.2;A0;PRIVADA;14102100;1999;FALSE;TRUE;FALSE
2014;2015.1;27;masculino;solteiro;BRASILEIRA;REINGRESSO;decisao_judicial_adm;2014.2;L1;DESCONHECIDA;14102100;1999;FALSE;FALSE;TRUE
2013;2021.2;28;masculino;solteiro;BRASILEIRA;ABANDONO;sisu;2014.2;L2;PUBLICA;14102100;2017;FALSE;FALSE;TRUE
2012;2015.2;30;masculino;solteiro;BRASILEIRA;EXPULSAO;sisu;2014.2;L1;PUBLICA;14102100;1999;FALSE;FALSE;TRUE
2011;2016.2;30;masculino;solteiro;BRASILEIRA;EXPULSAO;sisu;2014.2;A0;PRIVADA;14102100;1999;FALSE;FALSE;TRUE
2012;2015.1;29;feminino;solteiro;BRASILEIRA;TRANSFERENCIA;sisu;2014.2;L6;PUBLICA;14102100;1999;FALSE;FALSE;TRUE
2007;2019.1;34;feminino;solteiro;BRASILEIRA;EXPULSAO;sisu;2014.2;L2;PUBLICA;14102100;2017;FALSE;FALSE;TRUE
2007;2015.2;38;masculino;casado;BRASILEIRA;EXPULSAO;sisu;2014.2;L5;PUBLICA;14102100;1999;FALSE;FALSE;TRUE
2010;2017.1;31;masculino;solteiro;BRASILEIRA;EXPULSAO;sisu;2014.2;A0;PRIVADA;14102100;1999;FALSE;FALSE;TRUE
2009;2016.1;38;feminino;solteiro;BRASILEIRA;EXPULSAO;sisu;2014.2;A0;PUBLICA;14102100;1999;FALSE;FALSE;TRUE
2012;2015.2;29;feminino;solteiro;BRASILEIRA;EXPULSAO;sisu;2014.2;A0;PRIVADA;14102100;1999;FALSE;FALSE;TRUE
2013;2017.2;28;masculino;solteiro;BRASILEIRA;ABANDONO;sisu;2014.2;A0;PRIVADA;14102100;1999;FALSE;FALSE;TRUE
2014;2019.1;29;masculino;solteiro;BRASILEIRA;DESCONHECIDO;sisu;2014.2;L5;PUBLICA;14102100;2017;FALSE;TRUE;FALSE
2014;2016.1;28;masculino;solteiro;BRASILEIRA;ABANDONO;sisu;2014.2;L5;PUBLICA;14102100;1999;FALSE;FALSE;TRUE
2010;2017.1;30;masculino;solteiro;BRASILEIRA;DESCONHECIDO;sisu;2014.2;A0;PRIVADA;14102100;1999;FALSE;TRUE;FALSE
2011;2015.1;31;masculino;solteiro;BRASILEIRA;EXPULSAO;sisu;2014.2;A0;PRIVADA;14102100;1999;FALSE;FALSE;TRUE
2011;2020.1;30;feminino;solteiro;BRASILEIRA;EXPULSAO;sisu;2014.2;A0;PRIVADA;14102100;2017;FALSE;FALSE;TRUE
2010;2018.1;30;masculino;solteiro;BRASILEIRA;DESCONHECIDO;sisu;2014.2;A0;PUBLICA;14102100;1999;FALSE;TRUE;FALSE
2014;2015.1;29;masculino;solteiro;BRASILEIRA;ABANDONO;sisu;2014.2;L2;PUBLICA;14102100;1999;FALSE;FALSE;TRUE
2010;2016.2;31;masculino;solteiro;BRASILEIRA;DESCONHECIDO;sisu;2014.2;A0;MAJORITARIAMENTE_PUBLICA;14102100;1999;FALSE;TRUE;FALSE
2013;2022.2;28;masculino;solteiro;BRASILEIRA;EXPULSAO;sisu;2014.2;A0;MAJORITARIAMENTE_PRIVADA;14102100;2017;FALSE;FALSE;TRUE
2011;2016.1;31;masculino;solteiro;BRASILEIRA;EXPULSAO;sisu;2014.2;A0;PRIVADA;14102100;1999;FALSE;FALSE;TRUE
2003;2015.2;38;masculino;solteiro;BRASILEIRA;EXPULSAO;sisu;2014.2;A0;PRIVADA;14102100;1999;FALSE;FALSE;TRUE
2013;2019.2;28;masculino;solteiro;BRASILEIRA;DESCONHECIDO;sisu;2014.2;A0;PRIVADA;14102100;1999;FALSE;TRUE;FALSE
2013;2017.2;27;masculino;solteiro;BRASILEIRA;REINGRESSO;sisu;2014.2;L2;PUBLICA;14102100;1999;FALSE;FALSE;TRUE
2013;2020.1;28;masculino;solteiro;BRASILEIRA;DESCONHECIDO;sisu;2014.2;A0;PRIVADA;14102100;2017;FALSE;TRUE;FALSE
2013;2015.1;29;masculino;solteiro;BRASILEIRA;ABANDONO;sisu;2014.2;A0;PRIVADA;14102100;1999;FALSE;FALSE;TRUE
2010;2016.2;31;masculino;solteiro;BRASILEIRA;DESCONHECIDO;sisu;2014.2;A0;MAJORITARIAMENTE_PRIVADA;14102100;1999;FALSE;TRUE;FALSE
2007;2015.1;35;masculino;solteiro;BRASILEIRA;EXPULSAO;sisu;2014.2;A0;PRIVADA;14102100;1999;FALSE;FALSE;TRUE
2009;2015.1;33;feminino;solteiro;BRASILEIRA;ABANDONO;sisu;2014.2;A0;PRIVADA;14102100;1999;FALSE;FALSE;TRUE
2013;2015.1;28;masculino;solteiro;BRASILEIRA;ABANDONO;sisu;2014.2;A0;PRIVADA;14102100;1999;FALSE;FALSE;TRUE
2013;2016.1;27;masculino;solteiro;BRASILEIRA;EXPULSAO;sisu;2014.2;A0;PRIVADA;14102100;1999;FALSE;FALSE;TRUE
2013;2019.2;27;masculino;solteiro;BRASILEIRA;DESCONHECIDO;sisu;2014.2;A0;PRIVADA;14102100;1999;FALSE;TRUE;FALSE
2012;2015.2;29;feminino;solteiro;BRASILEIRA;REINGRESSO;sisu;2014.2;L6;PUBLICA;14102100;1999;FALSE;FALSE;TRUE
2013;2015.2;27;masculino;solteiro;BRASILEIRA;EXPULSAO;sisu;2014.2;A0;PRIVADA;14102100;1999;FALSE;FALSE;TRUE
2011;2018.2;31;masculino;solteiro;BRASILEIRA;DESCONHECIDO;sisu;2014.2;A0;PRIVADA;14102100;1999;FALSE;TRUE;FALSE
2003;2015.1;38;masculino;solteiro;BRASILEIRA;ABANDONO;sisu;2014.2;A0;PRIVADA;14102100;1999;FALSE;FALSE;TRUE
2013;2016.2;29;feminino;solteiro;BRASILEIRA;REINGRESSO;sisu;2014.2;L2;PUBLICA;14102100;1999;FALSE;FALSE;TRUE
2013;2015.1;27;feminino;solteiro;BRASILEIRA;ABANDONO;sisu;2014.2;A0;PRIVADA;14102100;1999;FALSE;FALSE;TRUE
2008;2019.1;34;masculino;solteiro;BRASILEIRA;EXPULSAO;sisu;2014.2;L5;PUBLICA;14102100;2017;FALSE;FALSE;TRUE
2013;2017.2;29;masculino;solteiro;BRASILEIRA;EXPULSAO;sisu;2014.2;A0;PUBLICA;14102100;1999;FALSE;FALSE;TRUE
2013;2017.1;27;masculino;solteiro;BRASILEIRA;TRANSFERENCIA;sisu;2014.2;A0;PRIVADA;14102100;1999;FALSE;FALSE;TRUE
2013;2020.2;29;masculino;solteiro;BRASILEIRA;ABANDONO;sisu;2014.2;A0;PRIVADA;14102100;2017;FALSE;FALSE;TRUE
2013;2015.1;28;masculino;solteiro;BRASILEIRA;EXPULSAO;sisu;2014.2;L6;PUBLICA;14102100;1999;FALSE;FALSE;TRUE
2010;2016.1;32;masculino;solteiro;BRASILEIRA;EXPULSAO;sisu;2014.2;A0;PRIVADA;14102100;1999;FALSE;FALSE;TRUE
2010;2019.1;29;feminino;solteiro;BRASILEIRA;DESCONHECIDO;sisu;2014.2;A0;PRIVADA;14102100;1999;FALSE;TRUE;FALSE
2013;2019.2;29;masculino;solteiro;BRASILEIRA;DESCONHECIDO;sisu;2014.2;A0;PRIVADA;14102100;1999;FALSE;TRUE;FALSE
2011;2017.2;30;masculino;solteiro;BRASILEIRA;EXPULSAO;sisu;2014.2;A0;PRIVADA;14102100;1999;FALSE;FALSE;TRUE
2010;2016.2;30;masculino;solteiro;BRASILEIRA;REINGRESSO;sisu;2014.2;A0;PUBLICA;14102100;1999;FALSE;FALSE;TRUE
2013;2015.2;28;masculino;solteiro;BRASILEIRA;ABANDONO;sisu;2014.2;A0;PRIVADA;14102100;1999;FALSE;FALSE;TRUE
2012;2019.1;30;masculino;solteiro;BRASILEIRA;DESCONHECIDO;sisu;2014.2;A0;PRIVADA;14102100;1999;FALSE;TRUE;FALSE
2010;2015.1;34;masculino;solteiro;BRASILEIRA;ABANDONO;sisu;2014.2;A0;PRIVADA;14102100;1999;FALSE;FALSE;TRUE
2013;2016.1;28;masculino;solteiro;BRASILEIRA;EXPULSAO;sisu;2014.2;L5;PUBLICA;14102100;1999;FALSE;FALSE;TRUE
2012;2015.2;30;masculino;solteiro;BRASILEIRA;EXPULSAO;sisu;2014.2;A0;PUBLICA;14102100;1999;FALSE;FALSE;TRUE
2013;2014.2;28;feminino;solteiro;BRASILEIRA;ABANDONO;sisu;2014.2;L1;PUBLICA;14102100;1999;FALSE;FALSE;TRUE
2012;2017.2;28;masculino;solteiro;BRASILEIRA;EXPULSAO;sisu;2014.2;A0;PRIVADA;14102100;1999;FALSE;FALSE;TRUE
2013;2015.2;28;masculino;solteiro;BRASILEIRA;ABANDONO;sisu;2014.2;A0;PRIVADA;14102100;1999;FALSE;FALSE;TRUE
2013;2015.2;28;masculino;solteiro;BRASILEIRA;ABANDONO;sisu;2014.2;A0;PRIVADA;14102100;1999;FALSE;FALSE;TRUE
2012;2015.2;29;masculino;solteiro;BRASILEIRA;EXPULSAO;sisu;2014.2;L6;PUBLICA;14102100;1999;FALSE;FALSE;TRUE
2011;2015.2;30;masculino;solteiro;BRASILEIRA;EXPULSAO;sisu;2014.2;A0;PRIVADA;14102100;1999;FALSE;FALSE;TRUE
2013;2018.1;29;masculino;solteiro;BRASILEIRA;EXPULSAO;sisu;2014.2;A0;PRIVADA;14102100;1999;FALSE;FALSE;TRUE
2012;2016.2;29;masculino;solteiro;BRASILEIRA;ABANDONO;sisu;2014.2;A0;PRIVADA;14102100;1999;FALSE;FALSE;TRUE
2013;2016.2;28;masculino;solteiro;BRASILEIRA;REINGRESSO;sisu;2014.2;A0;PRIVADA;14102100;1999;FALSE;FALSE;TRUE
2013;2016.1;29;masculino;solteiro;BRASILEIRA;EXPULSAO;sisu;2014.2;A0;PRIVADA;14102100;1999;FALSE;FALSE;TRUE
2012;2019.1;29;masculino;solteiro;BRASILEIRA;DESCONHECIDO;sisu;2014.2;A0;PRIVADA;14102100;1999;FALSE;TRUE;FALSE
2010;2017.1;31;masculino;solteiro;BRASILEIRA;REINGRESSO;sisu;2014.2;A0;PUBLICA;14102100;1999;FALSE;FALSE;TRUE
2010;2020.1;31;masculino;solteiro;BRASILEIRA;DESCONHECIDO;reopcao;2014.2;A0;PRIVADA;14102100;2017;FALSE;TRUE;FALSE
2013;2018.2;28;masculino;solteiro;BRASILEIRA;DESCONHECIDO;transferencia;2014.2;A0;PRIVADA;14102100;1999;FALSE;TRUE;FALSE
2011;2015.2;31;masculino;solteiro;BRASILEIRA;ABANDONO;transferencia;2014.2;A0;PRIVADA;14102100;1999;FALSE;FALSE;TRUE
2013;2020.1;28;masculino;solteiro;BRASILEIRA;DESCONHECIDO;sisu;2014.2;A0;PRIVADA;14102100;2017;FALSE;TRUE;FALSE
2013;2019.1;27;masculino;solteiro;BRASILEIRA;EXPULSAO;sisu;2014.2;A0;PRIVADA;14102100;2017;FALSE;FALSE;TRUE
2014;2016.2;29;masculino;solteiro;BRASILEIRA;REINGRESSO;sisu;2014.2;A0;PUBLICA;14102100;1999;FALSE;FALSE;TRUE
2011;2015.2;29;masculino;solteiro;BRASILEIRA;REINGRESSO;sisu;2014.2;A0;PUBLICA;14102100;1999;FALSE;FALSE;TRUE
2013;2018.2;28;masculino;solteiro;BRASILEIRA;DESCONHECIDO;sisu;2014.2;A0;PRIVADA;14102100;1999;FALSE;TRUE;FALSE
2008;2017.2;32;masculino;solteiro;BRASILEIRA;DESCONHECIDO;sisu;2015.1;A0;PRIVADA;14102100;1999;FALSE;TRUE;FALSE
2014;2019.2;28;masculino;solteiro;BRASILEIRA;DESCONHECIDO;sisu;2015.1;A0;PRIVADA;14102100;2017;FALSE;TRUE;FALSE
2014;2020.2;27;feminino;solteiro;BRASILEIRA;DESCONHECIDO;sisu;2015.1;A0;PRIVADA;14102100;2017;FALSE;TRUE;FALSE
2009;2015.2;32;masculino;solteiro;BRASILEIRA;DESCONHECIDO;sisu;2015.1;L6;PUBLICA;14102100;1999;FALSE;TRUE;FALSE
2014;2019.2;27;feminino;solteiro;BRASILEIRA;DESCONHECIDO;sisu;2015.1;A0;PRIVADA;14102100;2017;FALSE;TRUE;FALSE
2014;2020.1;28;masculino;solteiro;BRASILEIRA;DESCONHECIDO;sisu;2015.1;A0;PRIVADA;14102100;2017;FALSE;TRUE;FALSE
2010;2016.2;33;masculino;solteiro;BRASILEIRA;EXPULSAO;sisu;2015.1;L2;PUBLICA;14102100;1999;FALSE;FALSE;TRUE
2011;2017.1;29;masculino;solteiro;BRASILEIRA;DESCONHECIDO;sisu;2015.1;A0;PRIVADA;14102100;1999;FALSE;TRUE;FALSE
2014;2019.2;30;masculino;solteiro;BRASILEIRA;DESCONHECIDO;sisu;2015.1;L5;PUBLICA;14102100;2017;FALSE;TRUE;FALSE
2012;2017.1;29;masculino;solteiro;BRASILEIRA;EXPULSAO;sisu;2015.1;A0;PRIVADA;14102100;1999;FALSE;FALSE;TRUE
2013;2020.1;29;masculino;solteiro;BRASILEIRA;DESCONHECIDO;sisu;2015.1;A0;PRIVADA;14102100;2017;FALSE;TRUE;FALSE
2014;2019.2;26;masculino;solteiro;BRASILEIRA;DESCONHECIDO;sisu;2015.1;A0;PRIVADA;14102100;2017;FALSE;TRUE;FALSE
2014;2022.2;28;masculino;solteiro;BRASILEIRA;ABANDONO;sisu;2015.1;L6;PUBLICA;14102100;2017;FALSE;FALSE;TRUE
2014;2017.1;29;masculino;solteiro;BRASILEIRA;EXPULSAO;sisu;2015.1;L2;PUBLICA;14102100;1999;FALSE;FALSE;TRUE
2014;2020.1;27;masculino;solteiro;BRASILEIRA;DESCONHECIDO;sisu;2015.1;A0;PRIVADA;14102100;2017;FALSE;TRUE;FALSE
2014;2019.2;26;feminino;solteiro;BRASILEIRA;DESCONHECIDO;sisu;2015.1;L5;PUBLICA;14102100;2017;FALSE;TRUE;FALSE
2008;2016.2;34;masculino;solteiro;BRASILEIRA;DESCONHECIDO;sisu;2015.1;A0;PRIVADA;14102100;1999;FALSE;TRUE;FALSE
2014;2015.2;27;masculino;solteiro;BRASILEIRA;REINGRESSO;sisu;2015.1;L1;PUBLICA;14102100;1999;FALSE;FALSE;TRUE
2014;2020.1;26;masculino;solteiro;BRASILEIRA;DESCONHECIDO;sisu;2015.1;A0;PRIVADA;14102100;2017;FALSE;TRUE;FALSE
2012;2019.1;29;masculino;solteiro;BRASILEIRA;DESCONHECIDO;sisu;2015.1;A0;MAJORITARIAMENTE_PRIVADA;14102100;2017;FALSE;TRUE;FALSE
2014;2019.2;27;feminino;solteiro;BRASILEIRA;DESCONHECIDO;sisu;2015.1;L2;PUBLICA;14102100;2017;FALSE;TRUE;FALSE
2014;2019.2;29;masculino;solteiro;BRASILEIRA;DESCONHECIDO;sisu;2015.1;L5;PUBLICA;14102100;2017;FALSE;TRUE;FALSE
2014;2015.1;27;masculino;solteiro;BRASILEIRA;ABANDONO;sisu;2015.1;A0;PRIVADA;14102100;1999;FALSE;FALSE;TRUE
2013;2017.2;29;masculino;solteiro;BRASILEIRA;ABANDONO;sisu;2015.1;L1;PUBLICA;14102100;1999;FALSE;FALSE;TRUE
2014;2020.1;27;masculino;solteiro;BRASILEIRA;DESCONHECIDO;sisu;2015.1;L6;PUBLICA;14102100;2017;FALSE;TRUE;FALSE
2008;2015.1;37;masculino;solteiro;BRASILEIRA;ABANDONO;sisu;2015.1;L1;PUBLICA;14102100;1999;FALSE;FALSE;TRUE
2010;2022.1;31;masculino;solteiro;BRASILEIRA;DESCONHECIDO;sisu;2015.1;A0;PRIVADA;14102100;2017;FALSE;TRUE;FALSE
2006;2015.2;35;masculino;solteiro;BRASILEIRA;EXPULSAO;sisu;2015.1;A0;PRIVADA;14102100;1999;FALSE;FALSE;TRUE
2012;2017.1;29;masculino;solteiro;BRASILEIRA;EXPULSAO;sisu;2015.1;A0;PRIVADA;14102100;1999;FALSE;FALSE;TRUE
2014;2015.2;28;masculino;solteiro;BRASILEIRA;ABANDONO;sisu;2015.1;L6;PUBLICA;14102100;1999;FALSE;FALSE;TRUE
2005;2018.2;36;feminino;solteiro;BRASILEIRA;ABANDONO;sisu;2015.1;A0;PRIVADA;14102100;2017;FALSE;FALSE;TRUE
2006;2016.2;35;masculino;solteiro;BRASILEIRA;EXPULSAO;sisu;2015.1;A0;PRIVADA;14102100;1999;FALSE;FALSE;TRUE
2010;2017.1;31;masculino;solteiro;BRASILEIRA;TRANSFERENCIA;sisu;2015.1;A0;PRIVADA;14102100;1999;FALSE;FALSE;TRUE
2014;2019.2;26;masculino;solteiro;BRASILEIRA;DESCONHECIDO;sisu;2015.1;A0;PRIVADA;14102100;2017;FALSE;TRUE;FALSE
2014;2021.2;27;masculino;solteiro;BRASILEIRA;ABANDONO;sisu;2015.1;L2;PUBLICA;14102100;2017;FALSE;FALSE;TRUE
2014;2019.2;27;masculino;solteiro;BRASILEIRA;DESCONHECIDO;sisu;2015.1;A0;PRIVADA;14102100;2017;FALSE;TRUE;FALSE
2014;2019.2;27;masculino;solteiro;BRASILEIRA;DESCONHECIDO;sisu;2015.1;A0;MAJORITARIAMENTE_PRIVADA;14102100;2017;FALSE;TRUE;FALSE
2014;2015.2;28;masculino;solteiro;BRASILEIRA;ABANDONO;sisu;2015.1;A0;PUBLICA;14102100;1999;FALSE;FALSE;TRUE
2014;2019.2;27;masculino;solteiro;BRASILEIRA;DESCONHECIDO;sisu;2015.1;A0;PRIVADA;14102100;2017;FALSE;TRUE;FALSE
2014;2015.2;27;masculino;solteiro;BRASILEIRA;TRANSFERENCIA;sisu;2015.1;A0;MAJORITARIAMENTE_PUBLICA;14102100;1999;FALSE;FALSE;TRUE
2014;2015.2;26;feminino;solteiro;BRASILEIRA;EXPULSAO;sisu;2015.1;A0;PRIVADA;14102100;1999;FALSE;FALSE;TRUE
2014;2015.2;26;masculino;solteiro;BRASILEIRA;TRANSFERENCIA;sisu;2015.1;A0;PRIVADA;14102100;1999;FALSE;FALSE;TRUE
2014;2019.2;27;masculino;solteiro;BRASILEIRA;DESCONHECIDO;sisu;2015.1;L2;PUBLICA;14102100;2017;FALSE;TRUE;FALSE
2014;2019.2;28;masculino;solteiro;BRASILEIRA;DESCONHECIDO;sisu;2015.1;L2;PUBLICA;14102100;2017;FALSE;TRUE;FALSE
2014;2019.1;27;masculino;solteiro;BRASILEIRA;DESCONHECIDO;sisu;2015.1;A0;PRIVADA;14102100;1999;FALSE;TRUE;FALSE
2012;2018.1;29;masculino;solteiro;BRASILEIRA;EXPULSAO;sisu;2015.1;A0;PRIVADA;14102100;1999;FALSE;FALSE;TRUE
2014;2019.2;26;masculino;solteiro;BRASILEIRA;DESCONHECIDO;sisu;2015.1;L2;PUBLICA;14102100;2017;FALSE;TRUE;FALSE
2014;2016.1;27;feminino;solteiro;BRASILEIRA;ABANDONO;sisu;2015.1;A0;PRIVADA;14102100;1999;FALSE;FALSE;TRUE
2014;2019.2;27;feminino;solteiro;BRASILEIRA;DESCONHECIDO;sisu;2015.1;A0;PRIVADA;14102100;2017;FALSE;TRUE;FALSE
2011;2017.1;30;masculino;solteiro;BRASILEIRA;ABANDONO;sisu;2015.1;L2;PUBLICA;14102100;1999;FALSE;FALSE;TRUE
2014;2022.1;27;masculino;solteiro;BRASILEIRA;DESCONHECIDO;sisu;2015.1;A0;PRIVADA;14102100;2017;FALSE;TRUE;FALSE
2014;2016.2;28;masculino;solteiro;BRASILEIRA;EXPULSAO;sisu;2015.1;L6;PUBLICA;14102100;1999;FALSE;FALSE;TRUE
2014;2021.1;29;masculino;solteiro;BRASILEIRA;EXPULSAO;sisu;2015.1;L2;PUBLICA;14102100;2017;FALSE;FALSE;TRUE
2012;2018.2;29;masculino;solteiro;BRASILEIRA;DESCONHECIDO;sisu;2015.1;A0;PRIVADA;14102100;1999;FALSE;TRUE;FALSE
2013;2017.2;29;masculino;solteiro;BRASILEIRA;EXPULSAO;sisu;2015.1;A0;PRIVADA;14102100;1999;FALSE;FALSE;TRUE
2013;2015.1;28;masculino;solteiro;BRASILEIRA;ABANDONO;sisu;2015.1;L6;PUBLICA;14102100;1999;FALSE;FALSE;TRUE
2014;2017.2;27;masculino;solteiro;BRASILEIRA;REINGRESSO;sisu;2015.1;A0;PRIVADA;14102100;1999;FALSE;FALSE;TRUE
2011;2019.2;31;masculino;solteiro;BRASILEIRA;DESCONHECIDO;sisu;2015.1;L5;PUBLICA;14102100;2017;FALSE;TRUE;FALSE
2014;2019.1;28;masculino;solteiro;BRASILEIRA;DESCONHECIDO;sisu;2015.1;L5;PUBLICA;14102100;1999;FALSE;TRUE;FALSE
2014;2020.1;28;masculino;solteiro;BRASILEIRA;DESCONHECIDO;sisu;2015.1;A0;PRIVADA;14102100;2017;FALSE;TRUE;FALSE
2011;2015.2;32;masculino;solteiro;BRASILEIRA;ABANDONO;sisu;2015.1;L2;PUBLICA;14102100;1999;FALSE;FALSE;TRUE
2014;2016.1;27;masculino;solteiro;BRASILEIRA;ABANDONO;sisu;2015.1;A0;PRIVADA;14102100;1999;FALSE;FALSE;TRUE
2014;2020.2;27;masculino;solteiro;BRASILEIRA;DESCONHECIDO;sisu;2015.1;A0;PRIVADA;14102100;2017;FALSE;TRUE;FALSE
2008;2019.1;33;masculino;solteiro;BRASILEIRA;DESCONHECIDO;sisu;2015.1;L5;PUBLICA;14102100;1999;FALSE;TRUE;FALSE
2014;2020.2;27;masculino;solteiro;BRASILEIRA;ABANDONO;sisu;2015.1;L1;PUBLICA;14102100;2017;FALSE;FALSE;TRUE
2007;2015.2;35;masculino;solteiro;BRASILEIRA;REINGRESSO;sisu;2015.1;A0;PRIVADA;14102100;1999;FALSE;FALSE;TRUE
2014;2020.1;28;masculino;solteiro;BRASILEIRA;DESCONHECIDO;sisu;2015.1;A0;PRIVADA;14102100;2017;FALSE;TRUE;FALSE
2006;2016.1;35;masculino;solteiro;BRASILEIRA;EXPULSAO;sisu;2015.1;A0;PRIVADA;14102100;1999;FALSE;FALSE;TRUE
2014;2015.1;26;masculino;solteiro;BRASILEIRA_POR_NATURALIZACAO;ABANDONO;sisu;2015.1;A0;PRIVADA;14102100;1999;FALSE;FALSE;TRUE
2014;2019.2;26;masculino;solteiro;BRASILEIRA;DESCONHECIDO;sisu;2015.1;A0;PRIVADA;14102100;2017;FALSE;TRUE;FALSE
2014;2022.1;28;masculino;solteiro;BRASILEIRA;ABANDONO;sisu;2015.1;L1;PUBLICA;14102100;2017;FALSE;FALSE;TRUE
2014;2019.2;27;masculino;solteiro;BRASILEIRA;DESCONHECIDO;sisu;2015.1;A0;PRIVADA;14102100;2017;FALSE;TRUE;FALSE
2014;2019.2;26;masculino;solteiro;BRASILEIRA;DESCONHECIDO;sisu;2015.1;A0;PRIVADA;14102100;1999;FALSE;TRUE;FALSE
2002;2020.1;39;masculino;solteiro;BRASILEIRA;DESCONHECIDO;sisu;2015.1;A0;MAJORITARIAMENTE_PRIVADA;14102100;2017;FALSE;TRUE;FALSE
2003;2018.2;38;masculino;solteiro;BRASILEIRA;DESCONHECIDO;sisu;2015.1;A0;PRIVADA;14102100;1999;FALSE;TRUE;FALSE
2014;2015.1;26;masculino;solteiro;BRASILEIRA;ABANDONO;sisu;2015.1;A0;PRIVADA;14102100;1999;FALSE;FALSE;TRUE
2014;2018.1;28;masculino;solteiro;BRASILEIRA;EXPULSAO;sisu;2015.1;L6;PUBLICA;14102100;1999;FALSE;FALSE;TRUE
2012;2015.1;29;masculino;solteiro;BRASILEIRA;ABANDONO;sisu;2015.1;A0;PRIVADA;14102100;1999;FALSE;FALSE;TRUE
2011;2016.1;29;masculino;solteiro;BRASILEIRA;REINGRESSO;sisu;2015.1;A0;PRIVADA;14102100;1999;FALSE;FALSE;TRUE
2014;2015.1;27;masculino;solteiro;BRASILEIRA;ABANDONO;sisu;2015.1;A0;PRIVADA;14102100;1999;FALSE;FALSE;TRUE
2007;2015.2;34;masculino;solteiro;BRASILEIRA;ABANDONO;sisu;2015.1;A0;PUBLICA;14102100;1999;FALSE;FALSE;TRUE
2014;2015.2;27;masculino;solteiro;BRASILEIRA;TRANSFERENCIA;sisu;2015.1;A0;PRIVADA;14102100;1999;FALSE;FALSE;TRUE
2014;2016.2;29;masculino;solteiro;BRASILEIRA;EXPULSAO;sisu;2015.1;L6;PUBLICA;14102100;1999;FALSE;FALSE;TRUE
2013;2020.1;28;masculino;solteiro;BRASILEIRA;DESCONHECIDO;sisu;2015.1;L6;PUBLICA;14102100;2017;FALSE;TRUE;FALSE
2013;2015.2;31;masculino;solteiro;BRASILEIRA;ABANDONO;sisu;2015.1;L2;PUBLICA;14102100;1999;FALSE;FALSE;TRUE
2009;2017.2;33;masculino;solteiro;BRASILEIRA;DESCONHECIDO;sisu;2015.1;A0;PRIVADA;14102100;1999;FALSE;TRUE;FALSE
2014;2019.2;27;masculino;solteiro;BRASILEIRA;DESCONHECIDO;sisu;2015.1;L5;PUBLICA;14102100;2017;FALSE;TRUE;FALSE
2014;2019.2;27;masculino;solteiro;BRASILEIRA;DESCONHECIDO;sisu;2015.1;L6;PUBLICA;14102100;2017;FALSE;TRUE;FALSE
2014;2019.2;27;masculino;solteiro;BRASILEIRA;DESCONHECIDO;sisu;2015.1;A0;PRIVADA;14102100;2017;FALSE;TRUE;FALSE
2014;2019.1;27;masculino;solteiro;BRASILEIRA;DESCONHECIDO;sisu;2015.1;L1;PUBLICA;14102100;2017;FALSE;TRUE;FALSE
2014;2019.2;27;masculino;solteiro;BRASILEIRA;DESCONHECIDO;sisu;2015.1;A0;PRIVADA;14102100;2017;FALSE;TRUE;FALSE
2014;2015.1;26;masculino;solteiro;BRASILEIRA;ABANDONO;sisu;2015.1;A0;PRIVADA;14102100;1999;FALSE;FALSE;TRUE
2007;2015.2;33;feminino;solteiro;BRASILEIRA;ABANDONO;sisu;2015.1;A0;PRIVADA;14102100;1999;FALSE;FALSE;TRUE
2014;2019.1;26;masculino;solteiro;BRASILEIRA;DESCONHECIDO;sisu;2015.1;A0;PRIVADA;14102100;2017;FALSE;TRUE;FALSE
2014;2017.1;27;masculino;solteiro;BRASILEIRA;ABANDONO;sisu;2015.1;L6;PUBLICA;14102100;1999;FALSE;FALSE;TRUE
2013;2019.2;29;masculino;solteiro;BRASILEIRA;DESCONHECIDO;transferencia;2015.1;A0;PRIVADA;14102100;2017;FALSE;TRUE;FALSE
2013;2020.2;28;masculino;solteiro;BRASILEIRA;ABANDONO;transferencia;2015.1;A0;MAJORITARIAMENTE_PUBLICA;14102100;2017;FALSE;FALSE;TRUE
2012;2019.2;30;masculino;solteiro;BRASILEIRA;DESCONHECIDO;transferencia;2015.1;A0;PRIVADA;14102100;2017;FALSE;TRUE;FALSE
2013;2019.2;29;masculino;solteiro;BRASILEIRA;DESCONHECIDO;transferencia;2015.1;A0;PUBLICA;14102100;1999;FALSE;TRUE;FALSE
2008;2018.1;33;masculino;solteiro;BRASILEIRA;EXPULSAO;transferencia;2015.1;A0;MAJORITARIAMENTE_PRIVADA;14102100;1999;FALSE;FALSE;TRUE
2008;2015.2;34;masculino;solteiro;BRASILEIRA;DESCONHECIDO;sisu;2015.1;A0;PRIVADA;14102100;1999;FALSE;TRUE;FALSE
2013;2021.1;29;feminino;solteiro;BRASILEIRA;DESCONHECIDO;sisu;2015.1;A0;PRIVADA;14102100;2017;FALSE;TRUE;FALSE
2006;2015.2;36;feminino;solteiro;BRASILEIRA;ABANDONO;sisu;2015.1;L6;PUBLICA;14102100;1999;FALSE;FALSE;TRUE
2012;2020.2;29;masculino;solteiro;BRASILEIRA;ABANDONO;sisu;2015.1;A0;PRIVADA;14102100;2017;FALSE;FALSE;TRUE
2014;2019.2;27;masculino;solteiro;BRASILEIRA;ABANDONO;sisu;2015.1;A0;PRIVADA;14102100;2017;FALSE;FALSE;TRUE
2014;2019.2;27;masculino;solteiro;BRASILEIRA;DESCONHECIDO;sisu;2015.1;A0;PRIVADA;14102100;2017;FALSE;TRUE;FALSE
2007;2023.1;34;masculino;solteiro;BRASILEIRA;EXPULSAO;sisu;2015.1;A0;PRIVADA;14102100;2017;FALSE;FALSE;TRUE
2010;2017.1;30;feminino;solteiro;BRASILEIRA;ABANDONO;sisu;2015.1;L6;PUBLICA;14102100;1999;FALSE;FALSE;TRUE
1999;2015.2;42;feminino;casado;BRASILEIRA;ABANDONO;graduado;2015.1;A0;PUBLICA;14102100;1999;FALSE;FALSE;TRUE
2005;2016.1;39;masculino;casado;BRASILEIRA;ABANDONO;graduado;2015.1;A0;PUBLICA;14102100;1999;FALSE;FALSE;TRUE
2010;2020.1;31;masculino;solteiro;BRASILEIRA;DESCONHECIDO;reopcao;2015.1;A0;PUBLICA;14102100;2017;FALSE;TRUE;FALSE
2010;2021.1;32;masculino;solteiro;BRASILEIRA;DESCONHECIDO;reopcao;2015.1;A0;PRIVADA;14102100;2017;FALSE;TRUE;FALSE
2013;2019.2;28;feminino;solteiro;BRASILEIRA;DESCONHECIDO;reopcao;2015.1;A0;PRIVADA;14102100;2017;FALSE;TRUE;FALSE
2012;2016.2;29;masculino;solteiro;BRASILEIRA;REINGRESSO;reopcao;2015.1;A0;MAJORITARIAMENTE_PUBLICA;14102100;1999;FALSE;FALSE;TRUE
2010;2016.2;30;masculino;solteiro;BRASILEIRA;EXPULSAO;sisu;2015.1;A0;PRIVADA;14102100;1999;FALSE;FALSE;TRUE
2006;2017.1;34;masculino;solteiro;BRASILEIRA;EXPULSAO;sisu;2015.1;A0;MAJORITARIAMENTE_PRIVADA;14102100;1999;FALSE;FALSE;TRUE
2014;2016.2;27;masculino;solteiro;BRASILEIRA;EXPULSAO;sisu;2015.1;A0;PRIVADA;14102100;1999;FALSE;FALSE;TRUE
2010;2018.1;33;masculino;solteiro;BRASILEIRA;REINGRESSO;sisu;2015.2;L2;PUBLICA;14102100;2017;FALSE;FALSE;TRUE
2013;2016.2;28;masculino;solteiro;BRASILEIRA;ABANDONO;sisu;2015.2;L6;PUBLICA;14102100;1999;FALSE;FALSE;TRUE
2015;2020.2;26;masculino;solteiro;BRASILEIRA;DESCONHECIDO;sisu;2015.2;A0;PRIVADA;14102100;2017;FALSE;TRUE;FALSE
2010;2017.2;31;masculino;solteiro;BRASILEIRA;DESCONHECIDO;sisu;2015.2;L5;PUBLICA;14102100;1999;FALSE;TRUE;FALSE
2014;2020.2;27;feminino;solteiro;BRASILEIRA;DESCONHECIDO;sisu;2015.2;A0;PRIVADA;14102100;2017;FALSE;TRUE;FALSE
2014;2021.2;28;masculino;solteiro;BRASILEIRA;DESCONHECIDO;sisu;2015.2;L1;PUBLICA;14102100;2017;FALSE;TRUE;FALSE
2009;2022.1;33;feminino;solteiro;BRASILEIRA;DESCONHECIDO;sisu;2015.2;A0;PRIVADA;14102100;2017;FALSE;TRUE;FALSE
2014;2020.1;26;masculino;solteiro;BRASILEIRA;DESCONHECIDO;sisu;2015.2;A0;PRIVADA;14102100;2017;FALSE;TRUE;FALSE
2014;2020.1;28;masculino;solteiro;BRASILEIRA;DESCONHECIDO;sisu;2015.2;A0;PRIVADA;14102100;2017;FALSE;TRUE;FALSE
2014;2023.1;27;masculino;solteiro;BRASILEIRA;DESCONHECIDO;sisu;2015.2;L1;PUBLICA;14102100;2017;FALSE;TRUE;FALSE
2014;2017.2;28;masculino;solteiro;BRASILEIRA;ABANDONO;sisu;2015.2;A0;PRIVADA;14102100;1999;FALSE;FALSE;TRUE
2011;2020.1;30;feminino;solteiro;BRASILEIRA;DESCONHECIDO;sisu;2015.2;L1;PUBLICA;14102100;2017;FALSE;TRUE;FALSE
2012;2019.2;30;masculino;solteiro;BRASILEIRA;DESCONHECIDO;sisu;2015.2;L1;PUBLICA;14102100;2017;FALSE;TRUE;FALSE
2015;2020.1;27;masculino;solteiro;BRASILEIRA;DESCONHECIDO;sisu;2015.2;A0;PRIVADA;14102100;2017;FALSE;TRUE;FALSE
2013;2015.2;28;masculino;solteiro;BRASILEIRA;ABANDONO;sisu;2015.2;A0;PRIVADA;14102100;1999;FALSE;FALSE;TRUE
2013;2017.1;30;masculino;solteiro;BRASILEIRA;EXPULSAO;sisu;2015.2;L6;PUBLICA;14102100;1999;FALSE;FALSE;TRUE
2013;2016.2;29;masculino;solteiro;BRASILEIRA;REINGRESSO;sisu;2015.2;L6;PUBLICA;14102100;1999;FALSE;FALSE;TRUE
2011;2022.1;29;masculino;solteiro;BRASILEIRA;DESCONHECIDO;sisu;2015.2;A0;PUBLICA;14102100;2017;FALSE;TRUE;FALSE
2011;2016.1;32;masculino;solteiro;BRASILEIRA;ABANDONO;sisu;2015.2;L6;PUBLICA;14102100;1999;FALSE;FALSE;TRUE
2014;2017.2;26;feminino;solteiro;BRASILEIRA;REINGRESSO;sisu;2015.2;A0;PRIVADA;14102100;1999;FALSE;FALSE;TRUE
2014;2022.2;27;masculino;solteiro;BRASILEIRA;DESCONHECIDO;sisu;2015.2;A0;PRIVADA;14102100;2017;FALSE;TRUE;FALSE
2005;2016.1;36;masculino;desconhecido;BRASILEIRA;ABANDONO;sisu;2015.2;A0;PRIVADA;14102100;1999;FALSE;FALSE;TRUE
2014;2023.2;29;feminino;solteiro;BRASILEIRA;CONCLUIU_MAS_NAO_COLOU_GRAU;sisu;2015.2;L2;PUBLICA;14102100;2017;FALSE;FALSE;TRUE
2014;2015.2;26;masculino;solteiro;BRASILEIRA;ABANDONO;sisu;2015.2;L6;PUBLICA;14102100;1999;FALSE;FALSE;TRUE
2014;2019.2;28;masculino;solteiro;BRASILEIRA;DESCONHECIDO;sisu;2015.2;A0;MAJORITARIAMENTE_PRIVADA;14102100;2017;FALSE;TRUE;FALSE
2013;2015.2;28;masculino;solteiro;BRASILEIRA;ABANDONO;sisu;2015.2;A0;PRIVADA;14102100;1999;FALSE;FALSE;TRUE
2009;2016.2;32;masculino;solteiro;BRASILEIRA;REINGRESSO;sisu;2015.2;L2;PUBLICA;14102100;1999;FALSE;FALSE;TRUE
2011;2020.2;29;masculino;solteiro;BRASILEIRA;DESCONHECIDO;sisu;2015.2;A0;PRIVADA;14102100;2017;FALSE;TRUE;FALSE
2009;2018.2;32;feminino;solteiro;BRASILEIRA;REINGRESSO;sisu;2015.2;L2;PUBLICA;14102100;2017;FALSE;FALSE;TRUE
2014;2022.1;26;masculino;solteiro;BRASILEIRA;DESCONHECIDO;sisu;2015.2;A0;PRIVADA;14102100;2017;FALSE;TRUE;FALSE
2014;2018.1;26;masculino;solteiro;BRASILEIRA;EXPULSAO;sisu;2015.2;A0;PRIVADA;14102100;1999;FALSE;FALSE;TRUE
2014;2016.2;26;masculino;solteiro;BRASILEIRA;ABANDONO;sisu;2015.2;A0;PRIVADA;14102100;1999;FALSE;FALSE;TRUE
2012;2019.2;30;masculino;solteiro;BRASILEIRA;DESCONHECIDO;sisu;2015.2;A0;PRIVADA;14102100;2017;FALSE;TRUE;FALSE
2014;2020.1;26;masculino;solteiro;BRASILEIRA;DESCONHECIDO;sisu;2015.2;A0;PRIVADA;14102100;2017;FALSE;TRUE;FALSE
2013;2020.1;27;masculino;solteiro;BRASILEIRA;DESCONHECIDO;sisu;2015.2;L1;PUBLICA;14102100;2017;FALSE;TRUE;FALSE
2013;2020.1;28;masculino;solteiro;BRASILEIRA;EXPULSAO;sisu;2015.2;L6;PUBLICA;14102100;2017;FALSE;FALSE;TRUE
2014;2019.2;26;feminino;solteiro;BRASILEIRA;DESCONHECIDO;sisu;2015.2;A0;PRIVADA;14102100;2017;FALSE;TRUE;FALSE
2014;2020.1;27;masculino;solteiro;BRASILEIRA;DESCONHECIDO;sisu;2015.2;A0;PRIVADA;14102100;2017;FALSE;TRUE;FALSE
2013;2020.1;28;masculino;solteiro;BRASILEIRA;DESCONHECIDO;sisu;2015.2;A0;PRIVADA;14102100;2017;FALSE;TRUE;FALSE
2007;2017.1;35;masculino;solteiro;BRASILEIRA;EXPULSAO;sisu;2015.2;A0;PRIVADA;14102100;1999;FALSE;FALSE;TRUE
2010;2016.2;31;masculino;solteiro;BRASILEIRA;EXPULSAO;sisu;2015.2;A0;PRIVADA;14102100;1999;FALSE;FALSE;TRUE
2014;2020.1;28;feminino;solteiro;BRASILEIRA;DESCONHECIDO;sisu;2015.2;A0;PRIVADA;14102100;2017;FALSE;TRUE;FALSE
2014;2018.1;28;masculino;solteiro;BRASILEIRA;EXPULSAO;sisu;2015.2;A0;PRIVADA;14102100;1999;FALSE;FALSE;TRUE
2011;2017.2;30;masculino;solteiro;BRASILEIRA;EXPULSAO;sisu;2015.2;A0;PRIVADA;14102100;1999;FALSE;FALSE;TRUE
2014;2017.1;28;masculino;solteiro;BRASILEIRA;EXPULSAO;sisu;2015.2;A0;PRIVADA;14102100;1999;FALSE;FALSE;TRUE
2014;2017.1;27;masculino;solteiro;BRASILEIRA;EXPULSAO;sisu;2015.2;A0;PRIVADA;14102100;1999;FALSE;FALSE;TRUE
2010;2016.1;31;feminino;solteiro;BRASILEIRA;EXPULSAO;sisu;2015.2;L6;PUBLICA;14102100;1999;FALSE;FALSE;TRUE
2014;2017.1;26;masculino;solteiro;BRASILEIRA;ABANDONO;sisu;2015.2;A0;MAJORITARIAMENTE_PRIVADA;14102100;1999;FALSE;FALSE;TRUE
2014;2015.2;27;feminino;solteiro;BRASILEIRA;ABANDONO;sisu;2015.2;A0;PRIVADA;14102100;1999;FALSE;FALSE;TRUE
2014;2016.2;28;masculino;solteiro;BRASILEIRA;EXPULSAO;sisu;2015.2;A0;PRIVADA;14102100;1999;FALSE;FALSE;TRUE
2006;2016.2;36;masculino;solteiro;BRASILEIRA;REINGRESSO;sisu;2015.2;L2;PUBLICA;14102100;1999;FALSE;FALSE;TRUE
2013;2020.1;28;feminino;solteiro;BRASILEIRA;DESCONHECIDO;sisu;2015.2;A0;PRIVADA;14102100;2017;FALSE;TRUE;FALSE
2011;2020.1;31;masculino;solteiro;BRASILEIRA;DESCONHECIDO;sisu;2015.2;A0;PRIVADA;14102100;2017;FALSE;TRUE;FALSE
2011;2022.2;31;masculino;casado;BRASILEIRA;DESCONHECIDO;sisu;2015.2;A0;PRIVADA;14102100;2017;FALSE;TRUE;FALSE
2014;2019.2;27;masculino;solteiro;BRASILEIRA;DESCONHECIDO;sisu;2015.2;A0;PRIVADA;14102100;2017;FALSE;TRUE;FALSE
2009;2017.2;32;feminino;solteiro;BRASILEIRA;TRANSFERENCIA;sisu;2015.2;A0;PRIVADA;14102100;1999;FALSE;FALSE;TRUE
2014;2018.1;27;masculino;solteiro;BRASILEIRA;EXPULSAO;sisu;2015.2;A0;PRIVADA;14102100;1999;FALSE;FALSE;TRUE
2014;2016.2;29;masculino;solteiro;BRASILEIRA;REINGRESSO;sisu;2015.2;L5;PUBLICA;14102100;1999;FALSE;FALSE;TRUE
2014;2022.1;30;masculino;solteiro;BRASILEIRA;DESCONHECIDO;sisu;2015.2;L2;PUBLICA;14102100;2017;FALSE;TRUE;FALSE
2014;2020.2;26;masculino;solteiro;BRASILEIRA;DESCONHECIDO;sisu;2015.2;A0;PRIVADA;14102100;2017;FALSE;TRUE;FALSE
2013;2019.2;28;masculino;solteiro;BRASILEIRA;DESCONHECIDO;sisu;2015.2;A0;PRIVADA;14102100;2017;FALSE;TRUE;FALSE
2013;2022.1;28;masculino;solteiro;BRASILEIRA;DESCONHECIDO;sisu;2015.2;A0;PRIVADA;14102100;2017;FALSE;TRUE;FALSE
2011;2019.1;30;masculino;solteiro;BRASILEIRA;DESCONHECIDO;sisu;2015.2;A0;PRIVADA;14102100;1999;FALSE;TRUE;FALSE
2012;2017.1;29;masculino;solteiro;BRASILEIRA;EXPULSAO;sisu;2015.2;A0;PRIVADA;14102100;1999;FALSE;FALSE;TRUE
2007;2015.2;34;masculino;solteiro;BRASILEIRA;ABANDONO;sisu;2015.2;L6;PUBLICA;14102100;1999;FALSE;FALSE;TRUE
2014;2020.1;27;masculino;solteiro;BRASILEIRA;DESCONHECIDO;sisu;2015.2;A0;PRIVADA;14102100;2017;FALSE;TRUE;FALSE
2014;2020.1;28;masculino;solteiro;BRASILEIRA;DESCONHECIDO;sisu;2015.2;A0;PRIVADA;14102100;2017;FALSE;TRUE;FALSE
2004;2016.1;37;feminino;solteiro;BRASILEIRA;ABANDONO;sisu;2015.2;A0;PRIVADA;14102100;1999;FALSE;FALSE;TRUE
2015;2018.2;26;feminino;solteiro;BRASILEIRA;ABANDONO;sisu;2015.2;A0;PRIVADA;14102100;2017;FALSE;FALSE;TRUE
2014;2020.1;27;masculino;solteiro;BRASILEIRA;DESCONHECIDO;sisu;2015.2;L1;PUBLICA;14102100;2017;FALSE;TRUE;FALSE
2014;2016.1;28;masculino;solteiro;BRASILEIRA;TRANSFERENCIA;sisu;2015.2;A0;PRIVADA;14102100;1999;FALSE;FALSE;TRUE
2014;2017.2;28;masculino;solteiro;BRASILEIRA;EXPULSAO;sisu;2015.2;L6;PUBLICA;14102100;1999;FALSE;FALSE;TRUE
2014;2017.2;27;masculino;solteiro;BRASILEIRA;EXPULSAO;sisu;2015.2;A0;PRIVADA;14102100;1999;FALSE;FALSE;TRUE
2014;2016.2;26;masculino;solteiro;BRASILEIRA;REINGRESSO;sisu;2015.2;L5;PUBLICA;14102100;1999;FALSE;FALSE;TRUE
2009;2016.1;34;masculino;casado;BRASILEIRA;ABANDONO;sisu;2015.2;L2;PUBLICA;14102100;1999;FALSE;FALSE;TRUE
2013;2016.1;30;masculino;solteiro;BRASILEIRA;EXPULSAO;sisu;2015.2;L6;PUBLICA;14102100;1999;FALSE;FALSE;TRUE
2008;2018.1;33;masculino;solteiro;BRASILEIRA;DESCONHECIDO;sisu;2015.2;A0;PRIVADA;14102100;1999;FALSE;TRUE;FALSE
2014;2020.1;28;masculino;solteiro;BRASILEIRA;DESCONHECIDO;sisu;2015.2;L1;PUBLICA;14102100;2017;FALSE;TRUE;FALSE
2013;2020.1;29;feminino;solteiro;BRASILEIRA;DESCONHECIDO;sisu;2015.2;L6;PUBLICA;14102100;2017;FALSE;TRUE;FALSE
2010;2016.2;32;masculino;solteiro;BRASILEIRA;REINGRESSO;sisu;2015.2;L5;PUBLICA;14102100;1999;FALSE;FALSE;TRUE
2014;2018.2;26;masculino;solteiro;BRASILEIRA;ABANDONO;sisu;2015.2;A0;PRIVADA;14102100;2017;FALSE;FALSE;TRUE
2013;2017.1;27;masculino;solteiro;BRASILEIRA;EXPULSAO;transferencia;2015.2;A0;PRIVADA;14102100;1999;FALSE;FALSE;TRUE
2013;2017.1;28;masculino;solteiro;BRASILEIRA;EXPULSAO;sisu;2015.2;L2;PUBLICA;14102100;1999;FALSE;FALSE;TRUE
2013;2017.1;28;masculino;solteiro;BRASILEIRA;ABANDONO;sisu;2015.2;L6;PUBLICA;14102100;1999;FALSE;FALSE;TRUE
2012;2017.1;29;feminino;solteiro;BRASILEIRA;EXPULSAO;sisu;2015.2;L2;PUBLICA;14102100;1999;FALSE;FALSE;TRUE
2012;2020.1;29;masculino;solteiro;BRASILEIRA;DESCONHECIDO;sisu;2015.2;A0;PRIVADA;14102100;2017;FALSE;TRUE;FALSE
2009;2019.2;33;masculino;solteiro;BRASILEIRA;DESCONHECIDO;sisu;2015.2;A0;PRIVADA;14102100;2017;FALSE;TRUE;FALSE
2010;2016.1;31;feminino;solteiro;BRASILEIRA;ABANDONO;sisu;2015.2;A0;PRIVADA;14102100;1999;FALSE;FALSE;TRUE
2014;2018.2;27;masculino;solteiro;BRASILEIRA;REINGRESSO;sisu;2015.2;L5;PUBLICA;14102100;2017;FALSE;FALSE;TRUE
2013;2021.1;28;feminino;solteiro;BRASILEIRA;DESCONHECIDO;sisu;2015.2;A0;PRIVADA;14102100;2017;FALSE;TRUE;FALSE
2012;2017.2;28;masculino;solteiro;BRASILEIRA;REINGRESSO;transferencia;2015.2;A0;PUBLICA;14102100;1999;FALSE;FALSE;TRUE
2014;2020.1;28;masculino;solteiro;BRASILEIRA;DESCONHECIDO;decisao_judicial_adm;2015.2;A0;PUBLICA;14102100;2017;FALSE;TRUE;FALSE
1999;2016.1;47;masculino;casado;BRASILEIRA;ABANDONO;sisu;2015.2;A0;PRIVADA;14102100;1999;FALSE;FALSE;TRUE
2008;2020.1;33;masculino;solteiro;BRASILEIRA;DESCONHECIDO;sisu;2015.2;A0;PRIVADA;14102100;2017;FALSE;TRUE;FALSE
2010;2017.1;32;masculino;solteiro;BRASILEIRA;EXPULSAO;sisu;2015.2;L2;PUBLICA;14102100;1999;FALSE;FALSE;TRUE
2014;2016.2;29;feminino;solteiro;BRASILEIRA;ABANDONO;sisu;2015.2;L2;PUBLICA;14102100;1999;FALSE;FALSE;TRUE
2008;2017.2;34;masculino;solteiro;BRASILEIRA;EXPULSAO;sisu;2015.2;A0;PRIVADA;14102100;1999;FALSE;FALSE;TRUE
2009;2022.2;32;feminino;solteiro;BRASILEIRA;DESCONHECIDO;reopcao;2015.2;A0;PRIVADA;14102100;2017;FALSE;TRUE;FALSE
2014;2020.1;29;masculino;solteiro;BRASILEIRA;EXPULSAO;reopcao;2015.2;A0;PRIVADA;14102100;2017;FALSE;FALSE;TRUE
2014;2019.2;27;feminino;solteiro;BRASILEIRA;DESCONHECIDO;sisu;2015.2;A0;PRIVADA;14102100;2017;FALSE;TRUE;FALSE
2013;2021.1;28;masculino;solteiro;BRASILEIRA;DESCONHECIDO;sisu;2015.2;A0;PRIVADA;14102100;2017;FALSE;TRUE;FALSE
2011;2019.2;30;masculino;solteiro;BRASILEIRA;EXPULSAO;sisu;2015.2;A0;PRIVADA;14102100;2017;FALSE;FALSE;TRUE
2010;2018.1;32;masculino;solteiro;BRASILEIRA;EXPULSAO;sisu;2015.2;A0;PRIVADA;14102100;1999;FALSE;FALSE;TRUE
2011;2017.2;30;masculino;solteiro;BRASILEIRA;DESCONHECIDO;sisu;2015.2;L5;PUBLICA;14102100;1999;FALSE;TRUE;FALSE
2015;2020.2;27;masculino;solteiro;BRASILEIRA;DESCONHECIDO;sisu;2015.2;A0;PRIVADA;14102100;2017;FALSE;TRUE;FALSE
2012;2018.1;29;masculino;solteiro;BRASILEIRA;EXPULSAO;sisu;2015.2;A0;PRIVADA;14102100;1999;FALSE;FALSE;TRUE
2012;2017.1;35;masculino;solteiro;BRASILEIRA;EXPULSAO;sisu;2016.1;L2;PUBLICA;14102100;1999;FALSE;FALSE;TRUE
2013;2017.2;37;masculino;solteiro;BRASILEIRA;DESCONHECIDO;sisu;2016.1;A0;PRIVADA;14102100;1999;FALSE;TRUE;FALSE
2013;2020.1;28;masculino;solteiro;BRASILEIRA;DESCONHECIDO;sisu;2016.1;L2;PUBLICA;14102100;2017;FALSE;TRUE;FALSE
2015;2020.1;26;feminino;solteiro;BRASILEIRA;DESCONHECIDO;sisu;2016.1;A0;PRIVADA;14102100;2017;FALSE;TRUE;FALSE
2007;2017.1;34;masculino;solteiro;BRASILEIRA;EXPULSAO;sisu;2016.1;L2;PUBLICA;14102100;1999;FALSE;FALSE;TRUE
2012;2018.1;30;masculino;solteiro;BRASILEIRA;REINGRESSO;sisu;2016.1;A0;MAJORITARIAMENTE_PRIVADA;14102100;2017;FALSE;FALSE;TRUE
2013;2019.1;28;masculino;solteiro;BRASILEIRA;DESCONHECIDO;sisu;2016.1;A0;PRIVADA;14102100;1999;FALSE;TRUE;FALSE
2015;2020.1;27;masculino;solteiro;BRASILEIRA;DESCONHECIDO;sisu;2016.1;A0;PUBLICA;14102100;2017;FALSE;TRUE;FALSE
2015;2018.1;26;masculino;solteiro;BRASILEIRA;EXPULSAO;sisu;2016.1;L6;PUBLICA;14102100;2017;FALSE;FALSE;TRUE
2015;2020.1;26;masculino;solteiro;BRASILEIRA;DESCONHECIDO;sisu;2016.1;L2;PUBLICA;14102100;2017;FALSE;TRUE;FALSE
2015;2020.1;27;masculino;solteiro;BRASILEIRA;DESCONHECIDO;sisu;2016.1;A0;PRIVADA;14102100;2017;FALSE;TRUE;FALSE
2015;2020.1;26;masculino;solteiro;BRASILEIRA;DESCONHECIDO;sisu;2016.1;A0;PRIVADA;14102100;2017;FALSE;TRUE;FALSE
2005;2017.2;36;masculino;solteiro;BRASILEIRA;ABANDONO;sisu;2016.1;A0;PRIVADA;14102100;1999;FALSE;FALSE;TRUE
2015;2020.2;27;masculino;solteiro;BRASILEIRA;DESCONHECIDO;sisu;2016.1;A0;PRIVADA;14102100;2017;FALSE;TRUE;FALSE
2012;2023.2;29;masculino;solteiro;BRASILEIRA;EXPULSAO;sisu;2016.1;L6;PUBLICA;14102100;2017;FALSE;FALSE;TRUE
2010;2017.2;30;feminino;solteiro;BRASILEIRA;ABANDONO;sisu;2016.1;L2;PUBLICA;14102100;1999;FALSE;FALSE;TRUE
2010;2017.2;31;feminino;solteiro;BRASILEIRA;REINGRESSO;sisu;2016.1;A0;PRIVADA;14102100;1999;FALSE;FALSE;TRUE
2015;2018.2;27;masculino;solteiro;BRASILEIRA;EXPULSAO;sisu;2016.1;L6;PUBLICA;14102100;2017;FALSE;FALSE;TRUE
2015;2016.2;26;feminino;solteiro;BRASILEIRA;ABANDONO;sisu;2016.1;A0;PRIVADA;14102100;1999;FALSE;FALSE;TRUE
2012;2022.1;29;masculino;solteiro;BRASILEIRA;ABANDONO;sisu;2016.1;L2;PUBLICA;14102100;2017;FALSE;FALSE;TRUE
2015;2016.2;28;feminino;solteiro;BRASILEIRA;ABANDONO;sisu;2016.1;L6;PUBLICA;14102100;1999;FALSE;FALSE;TRUE
2013;2021.2;27;masculino;solteiro;BRASILEIRA;DESCONHECIDO;sisu;2016.1;A0;PRIVADA;14102100;2017;FALSE;TRUE;FALSE
2011;2018.2;31;masculino;solteiro;BRASILEIRA;REINGRESSO;sisu;2016.1;L6;PUBLICA;14102100;2017;FALSE;FALSE;TRUE
2003;2016.2;43;masculino;solteiro;BRASILEIRA;ABANDONO;sisu;2016.1;L5;PUBLICA;14102100;1999;FALSE;FALSE;TRUE
2015;2020.1;26;feminino;solteiro;BRASILEIRA;DESCONHECIDO;sisu;2016.1;A0;PRIVADA;14102100;2017;FALSE;TRUE;FALSE
2015;2020.1;27;masculino;solteiro;BRASILEIRA;DESCONHECIDO;sisu;2016.1;L1;PUBLICA;14102100;2017;FALSE;TRUE;FALSE
2015;2021.2;26;masculino;solteiro;BRASILEIRA;DESCONHECIDO;sisu;2016.1;A0;PRIVADA;14102100;2017;FALSE;TRUE;FALSE
2015;2020.1;27;masculino;solteiro;BRASILEIRA;DESCONHECIDO;sisu;2016.1;L5;PUBLICA;14102100;2017;FALSE;TRUE;FALSE
2015;2019.2;27;masculino;solteiro;BRASILEIRA;REINGRESSO;sisu;2016.1;A0;PRIVADA;14102100;2017;FALSE;FALSE;TRUE
2015;2017.2;28;masculino;solteiro;BRASILEIRA;ABANDONO;sisu;2016.1;L1;PUBLICA;14102100;1999;FALSE;FALSE;TRUE
2011;2018.1;30;masculino;solteiro;BRASILEIRA;EXPULSAO;sisu;2016.1;A0;PRIVADA;14102100;1999;FALSE;FALSE;TRUE
2012;2018.2;30;masculino;solteiro;BRASILEIRA;DESCONHECIDO;sisu;2016.1;L6;PUBLICA;14102100;1999;FALSE;TRUE;FALSE
2015;2019.2;26;masculino;solteiro;BRASILEIRA;EXPULSAO;sisu;2016.1;L5;PUBLICA;14102100;2017;FALSE;FALSE;TRUE
2015;2020.1;27;masculino;solteiro;BRASILEIRA;DESCONHECIDO;sisu;2016.1;A0;PUBLICA;14102100;2017;FALSE;TRUE;FALSE
2010;2017.2;30;masculino;solteiro;BRASILEIRA;EXPULSAO;sisu;2016.1;L5;PUBLICA;14102100;1999;FALSE;FALSE;TRUE
2015;2020.1;27;masculino;solteiro;BRASILEIRA;DESCONHECIDO;sisu;2016.1;L6;PUBLICA;14102100;2017;FALSE;TRUE;FALSE
2009;2019.2;32;masculino;solteiro;BRASILEIRA;DESCONHECIDO;sisu;2016.1;L2;PUBLICA;14102100;1999;FALSE;TRUE;FALSE
2015;2017.2;26;masculino;solteiro;BRASILEIRA;EXPULSAO;sisu;2016.1;L6;PUBLICA;14102100;1999;FALSE;FALSE;TRUE
2015;2021.2;26;masculino;solteiro;BRASILEIRA;DESCONHECIDO;sisu;2016.1;A0;PRIVADA;14102100;2017;FALSE;TRUE;FALSE
2013;2017.1;28;masculino;solteiro;BRASILEIRA;EXPULSAO;sisu;2016.1;A0;PRIVADA;14102100;1999;FALSE;FALSE;TRUE
2015;2020.1;27;masculino;solteiro;BRASILEIRA;DESCONHECIDO;sisu;2016.1;L2;PUBLICA;14102100;2017;FALSE;TRUE;FALSE
2002;2019.1;38;masculino;solteiro;BRASILEIRA;EXPULSAO;sisu;2016.1;A0;PRIVADA;14102100;2017;FALSE;FALSE;TRUE
2011;2017.1;31;masculino;solteiro;BRASILEIRA;EXPULSAO;sisu;2016.1;A0;PRIVADA;14102100;1999;FALSE;FALSE;TRUE
2006;2016.2;35;masculino;solteiro;BRASILEIRA;ABANDONO;sisu;2016.1;L1;PUBLICA;14102100;1999;FALSE;FALSE;TRUE
2011;2016.2;30;masculino;solteiro;BRASILEIRA;ABANDONO;sisu;2016.1;L6;PUBLICA;14102100;1999;FALSE;FALSE;TRUE
2015;2021.1;26;masculino;solteiro;BRASILEIRA;DESCONHECIDO;sisu;2016.1;A0;PRIVADA;14102100;2017;FALSE;TRUE;FALSE
2010;2019.1;31;masculino;solteiro;BRASILEIRA;DESCONHECIDO;sisu;2016.1;A0;PRIVADA;14102100;1999;FALSE;TRUE;FALSE
2005;2018.2;35;masculino;solteiro;BRASILEIRA;EXPULSAO;sisu;2016.1;A0;PUBLICA;14102100;2017;FALSE;FALSE;TRUE
2015;2020.1;26;masculino;solteiro;BRASILEIRA;DESCONHECIDO;sisu;2016.1;A0;PRIVADA;14102100;2017;FALSE;TRUE;FALSE
2015;2020.1;27;masculino;solteiro;BRASILEIRA;DESCONHECIDO;sisu;2016.1;L6;PUBLICA;14102100;2017;FALSE;TRUE;FALSE
2015;2020.1;26;masculino;solteiro;BRASILEIRA;EXPULSAO;sisu;2016.1;A0;PRIVADA;14102100;2017;FALSE;FALSE;TRUE
2014;2018.2;27;masculino;solteiro;BRASILEIRA;REINGRESSO;sisu;2016.1;L6;PUBLICA;14102100;2017;FALSE;FALSE;TRUE
2015;2022.1;26;feminino;solteiro;BRASILEIRA;DESCONHECIDO;sisu;2016.1;L6;PUBLICA;14102100;2017;FALSE;TRUE;FALSE
2015;2023.1;27;masculino;solteiro;BRASILEIRA;DESCONHECIDO;sisu;2016.1;A0;PRIVADA;14102100;2017;FALSE;TRUE;FALSE
2014;2021.2;28;masculino;solteiro;BRASILEIRA;DESCONHECIDO;sisu;2016.1;L1;PUBLICA;14102100;2017;FALSE;TRUE;FALSE
2012;2017.2;31;masculino;solteiro;BRASILEIRA;EXPULSAO;sisu;2016.1;L2;PUBLICA;14102100;1999;FALSE;FALSE;TRUE
2015;2020.1;25;masculino;solteiro;BRASILEIRA;DESCONHECIDO;sisu;2016.1;A0;PRIVADA;14102100;2017;FALSE;TRUE;FALSE
2013;2019.1;28;masculino;solteiro;BRASILEIRA;DESCONHECIDO;sisu;2016.1;A0;PRIVADA;14102100;2017;FALSE;TRUE;FALSE
2015;2020.1;27;masculino;solteiro;BRASILEIRA;DESCONHECIDO;sisu;2016.1;A0;PRIVADA;14102100;2017;FALSE;TRUE;FALSE
2010;2017.2;31;masculino;solteiro;BRASILEIRA;REINGRESSO;sisu;2016.1;L5;PUBLICA;14102100;1999;FALSE;FALSE;TRUE
2008;2016.2;33;masculino;solteiro;BRASILEIRA;ABANDONO;sisu;2016.1;L2;PUBLICA;14102100;1999;FALSE;FALSE;TRUE
2015;2020.1;26;masculino;solteiro;BRASILEIRA;DESCONHECIDO;sisu;2016.1;A0;PRIVADA;14102100;2017;FALSE;TRUE;FALSE
2015;2020.1;26;masculino;solteiro;BRASILEIRA;DESCONHECIDO;sisu;2016.1;A0;PRIVADA;14102100;2017;FALSE;TRUE;FALSE
2015;2020.1;26;masculino;solteiro;BRASILEIRA;DESCONHECIDO;sisu;2016.1;A0;PRIVADA;14102100;2017;FALSE;TRUE;FALSE
2010;2019.2;30;masculino;solteiro;BRASILEIRA;ABANDONO;sisu;2016.1;L1;PUBLICA;14102100;2017;FALSE;FALSE;TRUE
2013;2019.2;27;masculino;solteiro;BRASILEIRA;REINGRESSO;sisu;2016.1;L6;PUBLICA;14102100;2017;FALSE;FALSE;TRUE
2015;2020.1;25;masculino;solteiro;BRASILEIRA;DESCONHECIDO;sisu;2016.1;L5;PUBLICA;14102100;2017;FALSE;TRUE;FALSE
2015;2021.2;27;masculino;solteiro;BRASILEIRA;DESCONHECIDO;sisu;2016.1;L5;PUBLICA;14102100;2017;FALSE;TRUE;FALSE
2015;2016.2;27;masculino;solteiro;BRASILEIRA;ABANDONO;sisu;2016.1;A0;MAJORITARIAMENTE_PUBLICA;14102100;1999;FALSE;FALSE;TRUE
2006;2016.2;36;feminino;solteiro;BRASILEIRA;EXPULSAO;sisu;2016.1;L2;PUBLICA;14102100;1999;FALSE;FALSE;TRUE
2015;2022.1;26;masculino;solteiro;BRASILEIRA;DESCONHECIDO;sisu;2016.1;A0;PRIVADA;14102100;2017;FALSE;TRUE;FALSE
2011;2016.2;36;masculino;solteiro;BRASILEIRA;EXPULSAO;sisu;2016.1;L2;PUBLICA;14102100;1999;FALSE;FALSE;TRUE
2012;2020.2;29;masculino;solteiro;BRASILEIRA;DESCONHECIDO;sisu;2016.1;A0;PRIVADA;14102100;2017;FALSE;TRUE;FALSE
2015;2017.2;26;masculino;solteiro;BRASILEIRA;ABANDONO;sisu;2016.1;A0;PRIVADA;14102100;1999;FALSE;FALSE;TRUE
2015;2019.1;26;masculino;solteiro;BRASILEIRA;EXPULSAO;sisu;2016.1;A0;PRIVADA;14102100;2017;FALSE;FALSE;TRUE
2015;2018.2;25;feminino;solteiro;BRASILEIRA;EXPULSAO;sisu;2016.1;L1;PUBLICA;14102100;2017;FALSE;FALSE;TRUE
2015;2017.2;26;masculino;solteiro;BRASILEIRA;EXPULSAO;sisu;2016.1;A0;PRIVADA;14102100;1999;FALSE;FALSE;TRUE
2015;2020.2;25;masculino;solteiro;BRASILEIRA;DESCONHECIDO;sisu;2016.1;L1;PUBLICA;14102100;2017;FALSE;TRUE;FALSE
2013;2020.1;29;masculino;solteiro;BRASILEIRA;DESCONHECIDO;sisu;2016.1;L6;PUBLICA;14102100;2017;FALSE;TRUE;FALSE
2015;2023.2;29;masculino;solteiro;BRASILEIRA;CONCLUIU_MAS_NAO_COLOU_GRAU;sisu;2016.1;L2;PUBLICA;14102100;2017;FALSE;FALSE;TRUE
2011;2024.1;31;masculino;solteiro;BRASILEIRA;EXPULSAO;sisu;2016.1;L5;PUBLICA;14102100;2017;FALSE;FALSE;TRUE
2015;2019.1;25;masculino;solteiro;BRASILEIRA;ABANDONO;sisu;2016.1;A0;PRIVADA;14102100;2017;FALSE;FALSE;TRUE
2011;2022.1;30;masculino;solteiro;BRASILEIRA;DESCONHECIDO;sisu;2016.1;L6;PUBLICA;14102100;2017;FALSE;TRUE;FALSE
2008;2017.1;32;masculino;solteiro;BRASILEIRA;DESCONHECIDO;sisu;2016.1;A0;PRIVADA;14102100;1999;FALSE;TRUE;FALSE
2005;2017.2;36;masculino;solteiro;BRASILEIRA;EXPULSAO;sisu;2016.1;A0;PRIVADA;14102100;1999;FALSE;FALSE;TRUE
2013;2017.1;28;masculino;solteiro;BRASILEIRA;ABANDONO;sisu;2016.1;A0;PRIVADA;14102100;1999;FALSE;FALSE;TRUE
2015;2018.1;27;masculino;solteiro;BRASILEIRA;EXPULSAO;sisu;2016.1;L5;PUBLICA;14102100;1999;FALSE;FALSE;TRUE
2014;2018.1;26;masculino;solteiro;BRASILEIRA;ABANDONO;sisu;2016.1;A0;PRIVADA;14102100;1999;FALSE;FALSE;TRUE
2015;2016.2;26;masculino;solteiro;BRASILEIRA;EXPULSAO;sisu;2016.1;A0;PRIVADA;14102100;1999;FALSE;FALSE;TRUE
2013;2018.2;28;feminino;solteiro;BRASILEIRA;DESCONHECIDO;sisu;2016.1;L5;PUBLICA;14102100;1999;FALSE;TRUE;FALSE
2011;2020.1;32;masculino;casado;BRASILEIRA;ABANDONO;sisu;2016.1;L5;PUBLICA;14102100;1999;FALSE;FALSE;TRUE
2012;2018.2;32;masculino;solteiro;BRASILEIRA;ABANDONO;sisu;2016.1;L1;PUBLICA;14102100;2017;FALSE;FALSE;TRUE
2009;2018.1;33;masculino;solteiro;BRASILEIRA;ABANDONO;sisu;2016.1;A0;PRIVADA;14102100;1999;FALSE;FALSE;TRUE
2015;2021.2;27;masculino;solteiro;BRASILEIRA;DESCONHECIDO;sisu;2016.1;L6;PUBLICA;14102100;2017;FALSE;TRUE;FALSE
2015;2018.2;26;masculino;solteiro;BRASILEIRA;EXPULSAO;sisu;2016.1;A0;PRIVADA;14102100;2017;FALSE;FALSE;TRUE
2010;2017.1;30;masculino;solteiro;BRASILEIRA;ABANDONO;sisu;2016.1;A0;PRIVADA;14102100;1999;FALSE;FALSE;TRUE
2011;2018.1;29;masculino;solteiro;BRASILEIRA;EXPULSAO;sisu;2016.1;A0;PRIVADA;14102100;1999;FALSE;FALSE;TRUE
2000;2016.2;42;masculino;solteiro;BRASILEIRA;EXPULSAO;sisu;2016.1;L2;PUBLICA;14102100;1999;FALSE;FALSE;TRUE
2012;2018.1;29;masculino;solteiro;BRASILEIRA;EXPULSAO;sisu;2016.1;L5;PUBLICA;14102100;1999;FALSE;FALSE;TRUE
2011;2018.2;29;masculino;solteiro;BRASILEIRA;ABANDONO;sisu;2016.1;L2;PUBLICA;14102100;2017;FALSE;FALSE;TRUE
2011;2020.2;30;masculino;solteiro;BRASILEIRA;DESCONHECIDO;sisu;2016.1;A0;PRIVADA;14102100;1999;FALSE;TRUE;FALSE
2015;2017.1;26;masculino;solteiro;BRASILEIRA;ABANDONO;sisu;2016.1;A0;PRIVADA;14102100;1999;FALSE;FALSE;TRUE
2014;2020.1;28;masculino;solteiro;BRASILEIRA;DESCONHECIDO;sisu;2016.1;A0;PRIVADA;14102100;2017;FALSE;TRUE;FALSE
2007;2022.1;36;masculino;solteiro;BRASILEIRA;ABANDONO;sisu;2016.2;L2;PUBLICA;14102100;2017;FALSE;FALSE;TRUE
2014;2020.1;28;masculino;solteiro;BRASILEIRA;DESCONHECIDO;sisu;2016.2;A0;PRIVADA;14102100;2017;FALSE;TRUE;FALSE
2015;2020.1;23;masculino;solteiro;BRASILEIRA;DESCONHECIDO;sisu;2016.2;L6;PUBLICA;14102100;2017;FALSE;TRUE;FALSE
2014;2019.2;29;masculino;solteiro;BRASILEIRA;DESCONHECIDO;sisu;2016.2;L2;PUBLICA;14102100;2017;FALSE;TRUE;FALSE
2015;2019.2;26;feminino;solteiro;BRASILEIRA;EXPULSAO;sisu;2016.2;A0;PRIVADA;14102100;2017;FALSE;FALSE;TRUE
2015;2018.1;26;masculino;solteiro;BRASILEIRA;TRANSFERENCIA;sisu;2016.2;L5;PUBLICA;14102100;1999;FALSE;FALSE;TRUE
2000;2017.1;40;feminino;solteiro;BRASILEIRA;EXPULSAO;sisu;2016.2;A0;PRIVADA;14102100;1999;FALSE;FALSE;TRUE
2015;2020.2;25;masculino;solteiro;BRASILEIRA;DESCONHECIDO;sisu;2016.2;L6;PUBLICA;14102100;2017;FALSE;TRUE;FALSE
2015;2023.1;27;feminino;solteiro;BRASILEIRA;DESCONHECIDO;sisu;2016.2;L6;PUBLICA;14102100;2017;FALSE;TRUE;FALSE
2014;2020.1;29;masculino;solteiro;BRASILEIRA;DESCONHECIDO;sisu;2016.2;A0;PUBLICA;14102100;2017;FALSE;TRUE;FALSE
2015;2017.2;26;masculino;solteiro;BRASILEIRA;ABANDONO;sisu;2016.2;A0;PRIVADA;14102100;1999;FALSE;FALSE;TRUE
2009;2017.1;32;masculino;solteiro;BRASILEIRA;DESCONHECIDO;sisu;2016.2;L2;PUBLICA;14102100;1999;FALSE;TRUE;FALSE
2013;2018.2;28;masculino;solteiro;BRASILEIRA;DESCONHECIDO;sisu;2016.2;A0;PUBLICA;14102100;1999;FALSE;TRUE;FALSE
2013;2020.2;28;masculino;solteiro;BRASILEIRA;DESCONHECIDO;sisu;2016.2;A0;PRIVADA;14102100;2017;FALSE;TRUE;FALSE
2010;2017.2;32;masculino;solteiro;BRASILEIRA;DESCONHECIDO;sisu;2016.2;A0;PRIVADA;14102100;1999;FALSE;TRUE;FALSE
2016;2022.2;26;masculino;solteiro;BRASILEIRA;DESCONHECIDO;sisu;2016.2;A0;PRIVADA;14102100;2017;FALSE;TRUE;FALSE
2012;2019.1;29;masculino;solteiro;BRASILEIRA;DESCONHECIDO;sisu;2016.2;L2;PUBLICA;14102100;2017;FALSE;TRUE;FALSE
2013;2020.2;29;masculino;solteiro;BRASILEIRA;DESCONHECIDO;sisu;2016.2;L6;PUBLICA;14102100;2017;FALSE;TRUE;FALSE
2014;2021.2;28;masculino;solteiro;BRASILEIRA;ABANDONO;sisu;2016.2;L2;PUBLICA;14102100;2017;FALSE;FALSE;TRUE
2015;2022.1;26;feminino;solteiro;BRASILEIRA;DESCONHECIDO;sisu;2016.2;L6;PUBLICA;14102100;2017;FALSE;TRUE;FALSE
2015;2019.1;29;masculino;solteiro;BRASILEIRA;DESCONHECIDO;sisu;2016.2;L6;PUBLICA;14102100;2017;FALSE;TRUE;FALSE
2015;2021.2;26;masculino;solteiro;BRASILEIRA;DESCONHECIDO;sisu;2016.2;A0;PRIVADA;14102100;2017;FALSE;TRUE;FALSE
2014;2021.2;27;masculino;solteiro;BRASILEIRA;DESCONHECIDO;sisu;2016.2;L2;PUBLICA;14102100;2017;FALSE;TRUE;FALSE
2014;2019.1;28;feminino;solteiro;BRASILEIRA;ABANDONO;sisu;2016.2;A0;PRIVADA;14102100;1999;FALSE;FALSE;TRUE
2008;2019.1;32;masculino;solteiro;BRASILEIRA;DESCONHECIDO;sisu;2016.2;L5;PUBLICA;14102100;1999;FALSE;TRUE;FALSE
2015;2022.2;26;masculino;solteiro;BRASILEIRA;DESCONHECIDO;sisu;2016.2;A0;PRIVADA;14102100;2017;FALSE;TRUE;FALSE
2014;2019.1;28;masculino;solteiro;BRASILEIRA;EXPULSAO;sisu;2016.2;L6;PUBLICA;14102100;2017;FALSE;FALSE;TRUE
2014;2022.1;28;feminino;solteiro;BRASILEIRA;ABANDONO;sisu;2016.2;A0;PRIVADA;14102100;2017;FALSE;FALSE;TRUE
2010;2020.1;33;masculino;solteiro;BRASILEIRA;DESCONHECIDO;sisu;2016.2;L6;PUBLICA;14102100;2017;FALSE;TRUE;FALSE
2014;2021.2;27;masculino;solteiro;BRASILEIRA;DESCONHECIDO;sisu;2016.2;L5;PUBLICA;14102100;2017;FALSE;TRUE;FALSE
2015;2020.1;26;masculino;solteiro;BRASILEIRA;EXPULSAO;sisu;2016.2;L1;PUBLICA;14102100;2017;FALSE;FALSE;TRUE
2012;2018.1;30;masculino;solteiro;BRASILEIRA;DESCONHECIDO;sisu;2016.2;L6;PUBLICA;14102100;1999;FALSE;TRUE;FALSE
2010;2020.1;30;masculino;solteiro;BRASILEIRA;DESCONHECIDO;sisu;2016.2;L2;PUBLICA;14102100;1999;FALSE;TRUE;FALSE
2009;2019.2;32;feminino;solteiro;BRASILEIRA;DESCONHECIDO;sisu;2016.2;A0;PRIVADA;14102100;1999;FALSE;TRUE;FALSE
2010;2019.1;32;masculino;solteiro;BRASILEIRA;CONCLUIU_MAS_NAO_COLOU_GRAU;sisu;2016.2;L1;PUBLICA;14102100;1999;FALSE;FALSE;TRUE
2015;2021.2;26;feminino;solteiro;BRASILEIRA;DESCONHECIDO;sisu;2016.2;A0;PRIVADA;14102100;2017;FALSE;TRUE;FALSE
2014;2020.2;29;masculino;casado;BRASILEIRA;DESCONHECIDO;sisu;2016.2;L1;PUBLICA;14102100;2017;FALSE;TRUE;FALSE
2015;2022.2;26;masculino;solteiro;BRASILEIRA;DESCONHECIDO;sisu;2016.2;A0;PRIVADA;14102100;2017;FALSE;TRUE;FALSE
2011;2022.1;31;masculino;solteiro;BRASILEIRA;DESCONHECIDO;sisu;2016.2;A0;PRIVADA;14102100;2017;FALSE;TRUE;FALSE
2013;2020.2;29;feminino;solteiro;BRASILEIRA;DESCONHECIDO;sisu;2016.2;L2;PUBLICA;14102100;2017;FALSE;TRUE;FALSE
2011;2018.1;31;masculino;solteiro;BRASILEIRA;EXPULSAO;sisu;2016.2;A0;PRIVADA;14102100;1999;FALSE;FALSE;TRUE
2015;2018.1;27;masculino;solteiro;BRASILEIRA;ABANDONO;sisu;2016.2;L2;PUBLICA;14102100;1999;FALSE;FALSE;TRUE
2010;2019.1;31;masculino;solteiro;BRASILEIRA;DESCONHECIDO;sisu;2016.2;L5;PUBLICA;14102100;1999;FALSE;TRUE;FALSE
2009;2024.1;33;masculino;solteiro;BRASILEIRA;EXPULSAO;sisu;2016.2;A0;PRIVADA;14102100;2017;FALSE;FALSE;TRUE
2014;2020.1;27;masculino;solteiro;BRASILEIRA;DESCONHECIDO;sisu;2016.2;A0;PRIVADA;14102100;2017;FALSE;TRUE;FALSE
2006;2017.2;35;feminino;solteiro;BRASILEIRA;ABANDONO;sisu;2016.2;L5;PUBLICA;14102100;1999;FALSE;FALSE;TRUE
2015;2021.1;26;masculino;solteiro;BRASILEIRA;DESCONHECIDO;sisu;2016.2;A0;PRIVADA;14102100;2017;FALSE;TRUE;FALSE
2010;2018.2;30;masculino;solteiro;BRASILEIRA;REINGRESSO;sisu;2016.2;A0;PRIVADA;14102100;2017;FALSE;FALSE;TRUE
2015;2021.2;26;masculino;solteiro;BRASILEIRA;DESCONHECIDO;sisu;2016.2;A0;PRIVADA;14102100;2017;FALSE;TRUE;FALSE
2014;2020.2;29;masculino;solteiro;BRASILEIRA;DESCONHECIDO;sisu;2016.2;L5;PUBLICA;14102100;2017;FALSE;TRUE;FALSE
2007;2019.1;34;feminino;solteiro;BRASILEIRA;DESCONHECIDO;sisu;2016.2;A0;MAJORITARIAMENTE_PRIVADA;14102100;1999;FALSE;TRUE;FALSE
2015;2017.1;26;masculino;solteiro;BRASILEIRA;EXPULSAO;sisu;2016.2;A0;PRIVADA;14102100;1999;FALSE;FALSE;TRUE
2016;2017.1;26;masculino;solteiro;BRASILEIRA;ABANDONO;sisu;2016.2;L6;PUBLICA;14102100;1999;FALSE;FALSE;TRUE
2014;2017.1;27;feminino;solteiro;BRASILEIRA;EXPULSAO;sisu;2016.2;L2;PUBLICA;14102100;1999;FALSE;FALSE;TRUE
2015;2018.1;26;masculino;solteiro;BRASILEIRA;EXPULSAO;sisu;2016.2;A0;PRIVADA;14102100;1999;FALSE;FALSE;TRUE
2010;2017.1;31;masculino;solteiro;BRASILEIRA;DESCONHECIDO;sisu;2016.2;L2;PUBLICA;14102100;1999;FALSE;TRUE;FALSE
2015;2021.2;26;masculino;solteiro;BRASILEIRA;DESCONHECIDO;sisu;2016.2;A0;PRIVADA;14102100;2017;FALSE;TRUE;FALSE
2013;2023.2;28;feminino;solteiro;BRASILEIRA;CONCLUIU_MAS_NAO_COLOU_GRAU;sisu;2016.2;A0;PRIVADA;14102100;2017;FALSE;FALSE;TRUE
2016;2020.1;28;masculino;solteiro;BRASILEIRA;EXPULSAO;sisu;2016.2;L2;PUBLICA;14102100;2017;FALSE;FALSE;TRUE
2011;2019.2;31;feminino;solteiro;BRASILEIRA;ABANDONO;sisu;2016.2;A0;PRIVADA;14102100;2017;FALSE;FALSE;TRUE
2014;2023.1;27;masculino;solteiro;BRASILEIRA;DESCONHECIDO;sisu;2016.2;A0;PRIVADA;14102100;2017;FALSE;TRUE;FALSE
2015;2022.1;25;feminino;solteiro;BRASILEIRA;DESCONHECIDO;sisu;2016.2;L2;PUBLICA;14102100;2017;FALSE;TRUE;FALSE
2014;2022.1;27;masculino;solteiro;BRASILEIRA;DESCONHECIDO;sisu;2016.2;A0;PRIVADA;14102100;2017;FALSE;TRUE;FALSE
2015;2023.1;26;masculino;solteiro;BRASILEIRA;DESCONHECIDO;sisu;2016.2;L5;PUBLICA;14102100;2017;FALSE;TRUE;FALSE
2015;2016.2;26;masculino;solteiro;BRASILEIRA;ABANDONO;sisu;2016.2;L1;PUBLICA;14102100;1999;FALSE;FALSE;TRUE
2011;2017.2;30;masculino;solteiro;BRASILEIRA;DESCONHECIDO;sisu;2016.2;A0;PRIVADA;14102100;1999;FALSE;TRUE;FALSE
2010;2017.1;32;masculino;solteiro;BRASILEIRA;TRANSFERENCIA;sisu;2016.2;L6;PUBLICA;14102100;1999;FALSE;FALSE;TRUE
2015;2022.2;25;feminino;solteiro;BRASILEIRA;DESCONHECIDO;sisu;2016.2;L5;PUBLICA;14102100;2017;FALSE;TRUE;FALSE
2016;2020.1;25;feminino;solteiro;BRASILEIRA;DESCONHECIDO;sisu;2016.2;A0;PRIVADA;14102100;2017;FALSE;TRUE;FALSE
2014;2019.1;26;masculino;solteiro;BRASILEIRA;ABANDONO;sisu;2016.2;A0;PRIVADA;14102100;2017;FALSE;FALSE;TRUE
2010;2021.2;31;masculino;solteiro;BRASILEIRA;DESCONHECIDO;sisu;2016.2;L2;PUBLICA;14102100;2017;FALSE;TRUE;FALSE
2013;2016.2;28;masculino;solteiro;BRASILEIRA;ABANDONO;sisu;2016.2;L2;PUBLICA;14102100;1999;FALSE;FALSE;TRUE
2015;2016.2;26;masculino;solteiro;BRASILEIRA;ABANDONO;sisu;2016.2;L2;PUBLICA;14102100;1999;FALSE;FALSE;TRUE
2013;2020.1;28;masculino;solteiro;BRASILEIRA;DESCONHECIDO;sisu;2016.2;A0;PRIVADA;14102100;2017;FALSE;TRUE;FALSE
2007;2017.2;36;masculino;solteiro;BRASILEIRA;REINGRESSO;sisu;2016.2;L2;PUBLICA;14102100;1999;FALSE;FALSE;TRUE
2015;2019.2;27;masculino;solteiro;BRASILEIRA;EXPULSAO;sisu;2016.2;L2;PUBLICA;14102100;2017;FALSE;FALSE;TRUE
2014;2020.2;27;masculino;solteiro;BRASILEIRA;EXPULSAO;sisu;2016.2;L2;PUBLICA;14102100;2017;FALSE;FALSE;TRUE
2016;2020.1;27;masculino;solteiro;BRASILEIRA;DESCONHECIDO;sisu;2016.2;L5;PUBLICA;14102100;2017;FALSE;TRUE;FALSE
2014;2021.2;27;masculino;solteiro;BRASILEIRA;DESCONHECIDO;sisu;2016.2;A0;PRIVADA;14102100;2017;FALSE;TRUE;FALSE
2015;2022.1;27;masculino;solteiro;BRASILEIRA;DESCONHECIDO;sisu;2016.2;A0;PRIVADA;14102100;2017;FALSE;TRUE;FALSE
2008;2018.1;33;masculino;solteiro;BRASILEIRA;EXPULSAO;sisu;2016.2;A0;PRIVADA;14102100;1999;FALSE;FALSE;TRUE
2015;2021.2;26;masculino;solteiro;BRASILEIRA;DESCONHECIDO;sisu;2016.2;A0;PRIVADA;14102100;2017;FALSE;TRUE;FALSE
2015;2021.2;26;feminino;solteiro;BRASILEIRA;DESCONHECIDO;sisu;2016.2;A0;PRIVADA;14102100;2017;FALSE;TRUE;FALSE
2010;2020.1;31;feminino;solteiro;BRASILEIRA;EXPULSAO;sisu;2016.2;L1;PUBLICA;14102100;2017;FALSE;FALSE;TRUE
2013;2018.1;28;feminino;solteiro;BRASILEIRA;EXPULSAO;sisu;2016.2;A0;PRIVADA;14102100;1999;FALSE;FALSE;TRUE
2007;2018.1;34;masculino;solteiro;BRASILEIRA;DESCONHECIDO;sisu;2016.2;A0;PRIVADA;14102100;1999;FALSE;TRUE;FALSE
2011;2017.2;31;masculino;solteiro;BRASILEIRA;REINGRESSO;sisu;2016.2;A0;PUBLICA;14102100;1999;FALSE;FALSE;TRUE
2014;2022.2;28;feminino;solteiro;BRASILEIRA;ABANDONO;sisu;2016.2;A0;PUBLICA;14102100;2017;FALSE;FALSE;TRUE
2015;2020.2;26;masculino;solteiro;BRASILEIRA;DESCONHECIDO;sisu;2016.2;A0;PRIVADA;14102100;2017;FALSE;TRUE;FALSE
2013;2020.2;28;masculino;solteiro;BRASILEIRA;DESCONHECIDO;sisu;2016.2;A0;PRIVADA;14102100;2017;FALSE;TRUE;FALSE
2015;2019.2;25;masculino;solteiro;BRASILEIRA;EXPULSAO;sisu;2016.2;L1;PUBLICA;14102100;2017;FALSE;FALSE;TRUE
2012;2020.2;29;masculino;solteiro;BRASILEIRA;DESCONHECIDO;sisu;2016.2;L5;PUBLICA;14102100;2017;FALSE;TRUE;FALSE
2010;2022.1;32;masculino;solteiro;BRASILEIRA;DESCONHECIDO;sisu;2016.2;L6;PUBLICA;14102100;2017;FALSE;TRUE;FALSE
2013;2022.2;31;masculino;solteiro;BRASILEIRA;DESCONHECIDO;sisu;2016.2;L6;PUBLICA;14102100;2017;FALSE;TRUE;FALSE
2014;2020.1;27;masculino;solteiro;BRASILEIRA;EXPULSAO;sisu;2016.2;L1;PUBLICA;14102100;2017;FALSE;FALSE;TRUE
2015;2022.2;26;feminino;solteiro;BRASILEIRA;DESCONHECIDO;sisu;2016.2;L5;PUBLICA;14102100;2017;FALSE;TRUE;FALSE
2011;2021.2;29;masculino;solteiro;BRASILEIRA;ABANDONO;sisu;2016.2;A0;PRIVADA;14102100;2017;FALSE;FALSE;TRUE
2010;2023.2;33;masculino;solteiro;BRASILEIRA;CONCLUIU_MAS_NAO_COLOU_GRAU;sisu;2016.2;L6;PUBLICA;14102100;2017;FALSE;FALSE;TRUE
2011;2019.1;30;masculino;solteiro;BRASILEIRA;ABANDONO;sisu;2016.2;A0;PRIVADA;14102100;2017;FALSE;FALSE;TRUE
2012;2019.2;29;feminino;solteiro;BRASILEIRA;EXPULSAO;sisu;2016.2;L2;PUBLICA;14102100;2017;FALSE;FALSE;TRUE
2010;2017.2;30;masculino;solteiro;BRASILEIRA;REINGRESSO;sisu;2016.2;A0;PRIVADA;14102100;1999;FALSE;FALSE;TRUE
2014;2023.1;27;masculino;solteiro;BRASILEIRA;DESCONHECIDO;sisu;2016.2;A0;PUBLICA;14102100;2017;FALSE;TRUE;FALSE
2014;2020.2;28;masculino;solteiro;BRASILEIRA;DESCONHECIDO;sisu;2016.2;A0;PRIVADA;14102100;2017;FALSE;TRUE;FALSE
2013;2018.1;28;masculino;solteiro;BRASILEIRA;EXPULSAO;sisu;2016.2;A0;PRIVADA;14102100;1999;FALSE;FALSE;TRUE
2015;2020.2;25;masculino;solteiro;BRASILEIRA;DESCONHECIDO;sisu;2016.2;A0;PRIVADA;14102100;2017;FALSE;TRUE;FALSE
2015;2023.1;29;feminino;solteiro;BRASILEIRA;EXPULSAO;sisu;2016.2;L6;PUBLICA;14102100;2017;FALSE;FALSE;TRUE
2014;2018.1;28;feminino;solteiro;BRASILEIRA;EXPULSAO;sisu;2016.2;L6;PUBLICA;14102100;1999;FALSE;FALSE;TRUE
2010;2018.1;32;masculino;solteiro;BRASILEIRA;ABANDONO;sisu;2016.2;L5;PUBLICA;14102100;1999;FALSE;FALSE;TRUE
2015;2020.1;26;masculino;solteiro;BRASILEIRA;EXPULSAO;sisu;2016.2;A0;PRIVADA;14102100;2017;FALSE;FALSE;TRUE
2015;2022.2;26;masculino;solteiro;BRASILEIRA;EXPULSAO;sisu;2016.2;L1;PUBLICA;14102100;2017;FALSE;FALSE;TRUE
2012;2017.1;32;masculino;solteiro;BRASILEIRA;EXPULSAO;sisu;2016.2;L5;PUBLICA;14102100;1999;FALSE;FALSE;TRUE
2013;2020.1;31;masculino;solteiro;BRASILEIRA;EXPULSAO;sisu;2016.2;L5;PUBLICA;14102100;2017;FALSE;FALSE;TRUE
2015;2017.2;27;masculino;solteiro;BRASILEIRA;ABANDONO;sisu;2016.2;L2;PUBLICA;14102100;1999;FALSE;FALSE;TRUE
2013;2022.1;28;masculino;solteiro;BRASILEIRA;DESCONHECIDO;sisu;2016.2;A0;PRIVADA;14102100;2017;FALSE;TRUE;FALSE
2010;2017.1;31;masculino;desconhecido;BRASILEIRA;EXPULSAO;sisu;2016.2;L2;PUBLICA;14102100;1999;FALSE;FALSE;TRUE
2012;2018.2;28;masculino;solteiro;BRASILEIRA;ABANDONO;sisu;2016.2;A0;PRIVADA;14102100;2017;FALSE;FALSE;TRUE
2015;2020.1;28;masculino;solteiro;BRASILEIRA;DESCONHECIDO;transferencia;2016.2;A0;DESCONHECIDA;14102100;2017;FALSE;TRUE;FALSE
2014;2019.2;27;masculino;solteiro;BRASILEIRA;EXPULSAO;transferencia;2016.2;A0;PRIVADA;14102100;2017;FALSE;FALSE;TRUE
2006;2017.1;49;masculino;desconhecido;BRASILEIRA;EXPULSAO;sisu;2016.2;L1;PUBLICA;14102100;1999;FALSE;FALSE;TRUE
2014;2021.1;27;feminino;solteiro;BRASILEIRA;DESCONHECIDO;sisu;2017.1;A0;PRIVADA;14102100;2017;FALSE;TRUE;FALSE
2008;2020.2;33;masculino;solteiro;BRASILEIRA;DESCONHECIDO;sisu;2017.1;A0;PRIVADA;14102100;2017;FALSE;TRUE;FALSE
2015;2023.1;26;masculino;solteiro;BRASILEIRA;DESCONHECIDO;sisu;2017.1;A0;PRIVADA;14102100;2017;FALSE;TRUE;FALSE
2015;2018.2;26;masculino;solteiro;BRASILEIRA;EXPULSAO;sisu;2017.1;L2;PUBLICA;14102100;1999;FALSE;FALSE;TRUE
2016;2018.1;24;masculino;solteiro;BRASILEIRA;ABANDONO;sisu;2017.1;A0;PRIVADA;14102100;1999;FALSE;FALSE;TRUE
2015;2017.2;26;masculino;solteiro;BRASILEIRA;EXPULSAO;sisu;2017.1;L2;PUBLICA;14102100;1999;FALSE;FALSE;TRUE
2011;2022.2;30;masculino;solteiro;BRASILEIRA;DESCONHECIDO;sisu;2017.1;A0;PRIVADA;14102100;2017;FALSE;TRUE;FALSE
2012;2021.2;29;masculino;solteiro;BRASILEIRA;DESCONHECIDO;sisu;2017.1;A0;PRIVADA;14102100;2017;FALSE;TRUE;FALSE
2016;2018.2;24;masculino;solteiro;BRASILEIRA;ABANDONO;sisu;2017.1;A0;PRIVADA;14102100;2017;FALSE;FALSE;TRUE
2016;2019.1;25;masculino;solteiro;BRASILEIRA;ABANDONO;sisu;2017.1;A0;PRIVADA;14102100;1999;FALSE;FALSE;TRUE
2016;2021.1;26;masculino;solteiro;BRASILEIRA;DESCONHECIDO;sisu;2017.1;L5;PUBLICA;14102100;2017;FALSE;TRUE;FALSE
2016;2021.2;25;masculino;solteiro;BRASILEIRA;DESCONHECIDO;sisu;2017.1;L6;PUBLICA;14102100;2017;FALSE;TRUE;FALSE
2016;2021.2;25;masculino;solteiro;BRASILEIRA;DESCONHECIDO;sisu;2017.1;L5;PUBLICA;14102100;2017;FALSE;TRUE;FALSE
2016;2020.1;25;feminino;solteiro;BRASILEIRA;DESCONHECIDO;sisu;2017.1;L5;PUBLICA;14102100;2017;FALSE;TRUE;FALSE
2015;2024.1;26;feminino;solteiro;BRASILEIRA;CANCELAMENTO;sisu;2017.1;L2;PUBLICA;14102100;2017;FALSE;FALSE;TRUE
2016;2021.2;25;masculino;solteiro;BRASILEIRA;DESCONHECIDO;sisu;2017.1;A0;PRIVADA;14102100;2017;FALSE;TRUE;FALSE
2016;2021.1;25;masculino;solteiro;BRASILEIRA;DESCONHECIDO;sisu;2017.1;A0;PUBLICA;14102100;2017;FALSE;TRUE;FALSE
2008;2018.1;34;masculino;solteiro;BRASILEIRA;EXPULSAO;sisu;2017.1;L6;PUBLICA;14102100;1999;FALSE;FALSE;TRUE
2016;2021.1;27;feminino;solteiro;BRASILEIRA;DESCONHECIDO;sisu;2017.1;L2;PUBLICA;14102100;2017;FALSE;TRUE;FALSE
2012;2017.2;30;masculino;solteiro;BRASILEIRA;TRANSFERENCIA;sisu;2017.1;L6;PUBLICA;14102100;1999;FALSE;FALSE;TRUE
2016;2023.2;25;masculino;solteiro;BRASILEIRA;CONCLUIU_MAS_NAO_COLOU_GRAU;sisu;2017.1;A0;PRIVADA;14102100;2017;FALSE;FALSE;TRUE
2016;2021.2;25;masculino;solteiro;BRASILEIRA;DESCONHECIDO;sisu;2017.1;L1;PUBLICA;14102100;2017;FALSE;TRUE;FALSE
2016;2022.1;26;masculino;solteiro;BRASILEIRA;DESCONHECIDO;sisu;2017.1;A0;PUBLICA;14102100;2017;FALSE;TRUE;FALSE
2016;2022.2;27;feminino;solteiro;BRASILEIRA;DESCONHECIDO;sisu;2017.1;L6;PUBLICA;14102100;2017;FALSE;TRUE;FALSE
2015;2018.1;26;masculino;solteiro;BRASILEIRA;ABANDONO;sisu;2017.1;L1;PUBLICA;14102100;2017;FALSE;FALSE;TRUE
2016;2020.2;26;feminino;casado;BRASILEIRA;DESCONHECIDO;sisu;2017.1;L5;PUBLICA;14102100;2017;FALSE;TRUE;FALSE
2014;2023.1;27;masculino;solteiro;BRASILEIRA;DESCONHECIDO;sisu;2017.1;A0;PRIVADA;14102100;2017;FALSE;TRUE;FALSE
2016;2018.1;25;masculino;solteiro;BRASILEIRA;EXPULSAO;sisu;2017.1;L5;PUBLICA;14102100;1999;FALSE;FALSE;TRUE
2010;2019.1;31;masculino;solteiro;BRASILEIRA;DESCONHECIDO;sisu;2017.1;A0;PRIVADA;14102100;1999;FALSE;TRUE;FALSE
2016;2021.2;25;feminino;solteiro;BRASILEIRA;DESCONHECIDO;sisu;2017.1;L6;PUBLICA;14102100;2017;FALSE;TRUE;FALSE
2016;2021.2;26;masculino;solteiro;BRASILEIRA;DESCONHECIDO;sisu;2017.1;L1;PUBLICA;14102100;2017;FALSE;TRUE;FALSE
2016;2019.1;25;feminino;solteiro;BRASILEIRA;ABANDONO;sisu;2017.1;A0;PRIVADA;14102100;2017;FALSE;FALSE;TRUE
2016;2021.2;25;masculino;solteiro;BRASILEIRA;DESCONHECIDO;sisu;2017.1;A0;PRIVADA;14102100;2017;FALSE;TRUE;FALSE
2016;2021.1;24;masculino;solteiro;BRASILEIRA;DESCONHECIDO;sisu;2017.1;A0;PRIVADA;14102100;2017;FALSE;TRUE;FALSE
2016;2021.2;26;masculino;solteiro;BRASILEIRA;DESCONHECIDO;sisu;2017.1;L2;PUBLICA;14102100;2017;FALSE;TRUE;FALSE
2015;2020.2;25;masculino;solteiro;BRASILEIRA;EXPULSAO;sisu;2017.1;A0;PRIVADA;14102100;2017;FALSE;FALSE;TRUE
2016;2021.2;25;feminino;solteiro;BRASILEIRA;DESCONHECIDO;sisu;2017.1;A0;PRIVADA;14102100;2017;FALSE;TRUE;FALSE
2012;2020.1;28;masculino;solteiro;BRASILEIRA;DESCONHECIDO;sisu;2017.1;A0;PRIVADA;14102100;2017;FALSE;TRUE;FALSE
2015;2018.1;26;masculino;solteiro;BRASILEIRA;EXPULSAO;sisu;2017.1;L2;PUBLICA;14102100;1999;FALSE;FALSE;TRUE
2016;2020.2;24;masculino;solteiro;BRASILEIRA;DESCONHECIDO;sisu;2017.1;A0;PRIVADA;14102100;2017;FALSE;TRUE;FALSE
2016;2017.2;26;masculino;solteiro;BRASILEIRA;ABANDONO;sisu;2017.1;L2;PUBLICA;14102100;1999;FALSE;FALSE;TRUE
2014;2021.2;28;masculino;solteiro;BRASILEIRA;DESCONHECIDO;sisu;2017.1;A0;PRIVADA;14102100;2017;FALSE;TRUE;FALSE
2016;2019.2;25;masculino;solteiro;BRASILEIRA;TRANSFERENCIA;sisu;2017.1;A0;PRIVADA;14102100;2017;FALSE;FALSE;TRUE
2013;2021.2;27;masculino;solteiro;BRASILEIRA;DESCONHECIDO;sisu;2017.1;L5;PUBLICA;14102100;2017;FALSE;TRUE;FALSE
2016;2022.1;26;masculino;solteiro;BRASILEIRA;DESCONHECIDO;sisu;2017.1;A0;PRIVADA;14102100;2017;FALSE;TRUE;FALSE
2016;2022.2;24;masculino;solteiro;BRASILEIRA;DESCONHECIDO;sisu;2017.1;A0;PRIVADA;14102100;2017;FALSE;TRUE;FALSE
2016;2021.1;25;masculino;solteiro;BRASILEIRA;DESCONHECIDO;sisu;2017.1;A0;PRIVADA;14102100;2017;FALSE;TRUE;FALSE
2016;2022.1;26;feminino;solteiro;BRASILEIRA;DESCONHECIDO;sisu;2017.1;L6;PUBLICA;14102100;2017;FALSE;TRUE;FALSE
2016;2021.1;26;masculino;solteiro;BRASILEIRA;DESCONHECIDO;sisu;2017.1;L6;PUBLICA;14102100;2017;FALSE;TRUE;FALSE
2016;2018.2;24;masculino;solteiro;BRASILEIRA;ABANDONO;sisu;2017.1;A0;PRIVADA;14102100;2017;FALSE;FALSE;TRUE
2014;2019.2;27;feminino;solteiro;BRASILEIRA;REINGRESSO;sisu;2017.1;L2;PUBLICA;14102100;2017;FALSE;FALSE;TRUE
2007;2022.2;34;masculino;solteiro;BRASILEIRA;DESCONHECIDO;sisu;2017.1;L1;PUBLICA;14102100;2017;FALSE;TRUE;FALSE
2016;2018.2;25;masculino;solteiro;BRASILEIRA;ABANDONO;sisu;2017.1;A0;PRIVADA;14102100;2017;FALSE;FALSE;TRUE
2016;2018.1;27;masculino;solteiro;BRASILEIRA;ABANDONO;sisu;2017.1;L6;PUBLICA;14102100;2017;FALSE;FALSE;TRUE
2016;2018.2;26;masculino;solteiro;BRASILEIRA;ABANDONO;sisu;2017.1;L1;PUBLICA;14102100;2017;FALSE;FALSE;TRUE
2016;2023.2;25;masculino;solteiro;BRASILEIRA;CONCLUIU_MAS_NAO_COLOU_GRAU;sisu;2017.1;L6;PUBLICA;14102100;2017;FALSE;FALSE;TRUE
2016;2022.2;25;masculino;solteiro;BRASILEIRA;DESCONHECIDO;sisu;2017.1;A0;PRIVADA;14102100;2017;FALSE;TRUE;FALSE
2016;2022.2;26;masculino;solteiro;BRASILEIRA;EXPULSAO;sisu;2017.1;A0;PUBLICA;14102100;2017;FALSE;FALSE;TRUE
2014;2017.2;27;masculino;solteiro;BRASILEIRA;ABANDONO;sisu;2017.1;A0;PRIVADA;14102100;1999;FALSE;FALSE;TRUE
2014;2021.1;27;masculino;solteiro;BRASILEIRA;DESCONHECIDO;sisu;2017.1;A0;PRIVADA;14102100;2017;FALSE;TRUE;FALSE
2012;2020.1;29;masculino;solteiro;BRASILEIRA;DESCONHECIDO;sisu;2017.1;A0;PRIVADA;14102100;2017;FALSE;TRUE;FALSE
2014;2020.2;27;masculino;solteiro;BRASILEIRA;EXPULSAO;sisu;2017.1;L2;PUBLICA;14102100;2017;FALSE;FALSE;TRUE
2016;2021.2;25;masculino;solteiro;BRASILEIRA;DESCONHECIDO;sisu;2017.1;L6;PUBLICA;14102100;2017;FALSE;TRUE;FALSE
2013;2020.2;29;masculino;solteiro;BRASILEIRA;DESCONHECIDO;sisu;2017.1;A0;PUBLICA;14102100;2017;FALSE;TRUE;FALSE
2004;2017.2;37;masculino;solteiro;BRASILEIRA;EXPULSAO;sisu;2017.1;L5;PUBLICA;14102100;1999;FALSE;FALSE;TRUE
2016;2022.2;25;masculino;solteiro;BRASILEIRA;DESCONHECIDO;sisu;2017.1;L1;PUBLICA;14102100;2017;FALSE;TRUE;FALSE
2016;2022.1;25;masculino;solteiro;BRASILEIRA;ABANDONO;sisu;2017.1;L1;PUBLICA;14102100;2017;FALSE;FALSE;TRUE
2015;2022.2;25;masculino;solteiro;BRASILEIRA;DESCONHECIDO;sisu;2017.1;A0;MAJORITARIAMENTE_PRIVADA;14102100;2017;FALSE;TRUE;FALSE
2016;2018.2;25;masculino;solteiro;BRASILEIRA;REINGRESSO;sisu;2017.1;L2;PUBLICA;14102100;2017;FALSE;FALSE;TRUE
2015;2022.2;26;masculino;solteiro;BRASILEIRA;DESCONHECIDO;sisu;2017.1;A0;PRIVADA;14102100;2017;FALSE;TRUE;FALSE
2016;2018.1;25;masculino;solteiro;BRASILEIRA;EXPULSAO;sisu;2017.1;A0;PRIVADA;14102100;1999;FALSE;FALSE;TRUE
2016;2019.1;25;masculino;solteiro;BRASILEIRA;ABANDONO;sisu;2017.1;A0;PRIVADA;14102100;2017;FALSE;FALSE;TRUE
2016;2018.2;26;masculino;solteiro;BRASILEIRA;REINGRESSO;sisu;2017.1;A0;PRIVADA;14102100;2017;FALSE;FALSE;TRUE
2011;2020.2;30;masculino;solteiro;BRASILEIRA;DESCONHECIDO;sisu;2017.1;A0;PRIVADA;14102100;2017;FALSE;TRUE;FALSE
2012;2020.2;28;masculino;solteiro;BRASILEIRA;DESCONHECIDO;sisu;2017.1;A0;PRIVADA;14102100;2017;FALSE;TRUE;FALSE
2016;2021.1;24;masculino;solteiro;BRASILEIRA;ABANDONO;sisu;2017.1;L2;PUBLICA;14102100;2017;FALSE;FALSE;TRUE
2015;2020.1;26;feminino;solteiro;BRASILEIRA;ABANDONO;sisu;2017.1;L1;PUBLICA;14102100;2017;FALSE;FALSE;TRUE
2014;2019.2;28;masculino;solteiro;BRASILEIRA;EXPULSAO;sisu;2017.1;L2;PUBLICA;14102100;2017;FALSE;FALSE;TRUE
2015;2022.1;27;masculino;solteiro;BRASILEIRA;DESCONHECIDO;sisu;2017.1;L1;PUBLICA;14102100;2017;FALSE;TRUE;FALSE
2016;2021.1;25;masculino;solteiro;BRASILEIRA;DESCONHECIDO;sisu;2017.1;A0;PRIVADA;14102100;2017;FALSE;TRUE;FALSE
2008;2018.2;35;masculino;divorciado;BRASILEIRA;ABANDONO;sisu;2017.1;L6;PUBLICA;14102100;1999;FALSE;FALSE;TRUE
2015;2022.1;26;masculino;solteiro;BRASILEIRA;DESCONHECIDO;sisu;2017.1;L2;PUBLICA;14102100;2017;FALSE;TRUE;FALSE
2016;2021.2;24;feminino;solteiro;BRASILEIRA;DESCONHECIDO;sisu;2017.1;L2;PUBLICA;14102100;2017;FALSE;TRUE;FALSE
2013;2021.2;28;masculino;solteiro;BRASILEIRA;DESCONHECIDO;sisu;2017.1;L6;PUBLICA;14102100;2017;FALSE;TRUE;FALSE
2012;2017.1;29;masculino;solteiro;BRASILEIRA;ABANDONO;transferencia;2017.1;A0;PRIVADA;14102100;1999;FALSE;FALSE;TRUE
2014;2018.2;28;masculino;solteiro;BRASILEIRA;EXPULSAO;transferencia;2017.1;A0;PRIVADA;14102100;1999;FALSE;FALSE;TRUE
2015;2021.1;27;masculino;solteiro;BRASILEIRA;DESCONHECIDO;sisu;2017.1;A0;PUBLICA;14102100;2017;FALSE;TRUE;FALSE
2015;2017.2;26;masculino;solteiro;BRASILEIRA;EXPULSAO;sisu;2017.1;A0;PRIVADA;14102100;1999;FALSE;FALSE;TRUE
2016;2024.1;25;masculino;solteiro;BRASILEIRA;CANCELAMENTO;sisu;2017.1;L5;PUBLICA;14102100;2017;FALSE;FALSE;TRUE
2011;2019.2;30;masculino;solteiro;BRASILEIRA;DESCONHECIDO;sisu;2017.1;L5;PUBLICA;14102100;2017;FALSE;TRUE;FALSE
2016;2017.2;25;masculino;solteiro;BRASILEIRA;EXPULSAO;sisu;2017.1;A0;PRIVADA;14102100;1999;FALSE;FALSE;TRUE
2016;2021.2;26;masculino;solteiro;BRASILEIRA;DESCONHECIDO;sisu;2017.1;A0;PRIVADA;14102100;2017;FALSE;TRUE;FALSE
2016;2020.2;25;masculino;solteiro;BRASILEIRA;DESCONHECIDO;sisu;2017.1;L5;PUBLICA;14102100;2017;FALSE;TRUE;FALSE
2013;2021.2;28;masculino;solteiro;BRASILEIRA;DESCONHECIDO;sisu;2017.2;L6;PUBLICA;14102100;2017;FALSE;TRUE;FALSE
2014;2017.2;28;masculino;solteiro;BRASILEIRA;ABANDONO;sisu;2017.2;L6;PUBLICA;14102100;1999;FALSE;FALSE;TRUE
2016;2022.2;24;feminino;solteiro;BRASILEIRA;DESCONHECIDO;sisu;2017.2;A0;PRIVADA;14102100;2017;FALSE;TRUE;FALSE
2013;2019.2;29;masculino;solteiro;BRASILEIRA;ABANDONO;sisu;2017.2;A0;PRIVADA;14102100;2017;FALSE;FALSE;TRUE
2014;2022.2;27;masculino;solteiro;BRASILEIRA;DESCONHECIDO;sisu;2017.2;A0;PRIVADA;14102100;2017;FALSE;TRUE;FALSE
2016;2019.2;26;masculino;solteiro;BRASILEIRA;EXPULSAO;sisu;2017.2;A0;PRIVADA;14102100;2017;FALSE;FALSE;TRUE
2013;2021.1;28;masculino;solteiro;BRASILEIRA;DESCONHECIDO;sisu;2017.2;A0;PRIVADA;14102100;2017;FALSE;TRUE;FALSE
2016;2023.1;25;masculino;solteiro;BRASILEIRA;DESCONHECIDO;sisu;2017.2;A0;PRIVADA;14102100;2017;FALSE;TRUE;FALSE
2015;2020.2;26;feminino;solteiro;BRASILEIRA;DESCONHECIDO;sisu;2017.2;A0;PUBLICA;14102100;2017;FALSE;TRUE;FALSE
2016;2022.2;26;masculino;solteiro;BRASILEIRA;DESCONHECIDO;sisu;2017.2;A0;PRIVADA;14102100;2017;FALSE;TRUE;FALSE
2013;2019.2;29;masculino;solteiro;BRASILEIRA;EXPULSAO;sisu;2017.2;A0;PRIVADA;14102100;2017;FALSE;FALSE;TRUE
2016;2018.1;25;masculino;solteiro;BRASILEIRA;ABANDONO;sisu;2017.2;A0;PUBLICA;14102100;1999;FALSE;FALSE;TRUE
2016;2022.2;25;masculino;solteiro;BRASILEIRA;DESCONHECIDO;sisu;2017.2;A0;PRIVADA;14102100;2017;FALSE;TRUE;FALSE
2016;2022.1;25;masculino;solteiro;BRASILEIRA;DESCONHECIDO;sisu;2017.2;A0;PRIVADA;14102100;2017;FALSE;TRUE;FALSE
2015;2021.1;26;masculino;solteiro;BRASILEIRA;DESCONHECIDO;sisu;2017.2;L5;PUBLICA;14102100;2017;FALSE;TRUE;FALSE
2016;2022.2;26;masculino;solteiro;BRASILEIRA;ABANDONO;sisu;2017.2;L5;PUBLICA;14102100;2017;FALSE;FALSE;TRUE
2010;2022.2;31;masculino;solteiro;BRASILEIRA;DESCONHECIDO;sisu;2017.2;L5;PUBLICA;14102100;2017;FALSE;TRUE;FALSE
2005;2020.2;40;masculino;solteiro;BRASILEIRA;ABANDONO;sisu;2017.2;L5;PUBLICA;14102100;2017;FALSE;FALSE;TRUE
2016;2022.1;27;masculino;casado;BRASILEIRA;DESCONHECIDO;sisu;2017.2;L2;PUBLICA;14102100;2017;FALSE;TRUE;FALSE
2016;2023.2;23;masculino;solteiro;BRASILEIRA;CONCLUIU_MAS_NAO_COLOU_GRAU;sisu;2017.2;L1;PUBLICA;14102100;2017;FALSE;FALSE;TRUE
2016;2023.2;25;masculino;solteiro;BRASILEIRA;CONCLUIU_MAS_NAO_COLOU_GRAU;sisu;2017.2;L13;PUBLICA;14102100;2017;FALSE;FALSE;TRUE
2013;2021.1;27;masculino;solteiro;BRASILEIRA;DESCONHECIDO;sisu;2017.2;L5;PUBLICA;14102100;2017;FALSE;TRUE;FALSE
2016;2019.2;25;masculino;solteiro;BRASILEIRA;ABANDONO;sisu;2017.2;L5;PUBLICA;14102100;2017;FALSE;FALSE;TRUE
2017;2022.1;26;masculino;casado;BRASILEIRA;DESCONHECIDO;sisu;2017.2;L5;PUBLICA;14102100;2017;FALSE;TRUE;FALSE
2016;2021.2;25;masculino;solteiro;BRASILEIRA;DESCONHECIDO;sisu;2017.2;A0;PRIVADA;14102100;2017;FALSE;TRUE;FALSE
2014;2019.1;27;masculino;solteiro;BRASILEIRA;ABANDONO;sisu;2017.2;A0;PRIVADA;14102100;2017;FALSE;FALSE;TRUE
2016;2019.2;25;masculino;solteiro;BRASILEIRA;EXPULSAO;sisu;2017.2;A0;PRIVADA;14102100;2017;FALSE;FALSE;TRUE
2010;2020.2;30;masculino;solteiro;BRASILEIRA;DESCONHECIDO;sisu;2017.2;A0;PRIVADA;14102100;2017;FALSE;TRUE;FALSE
2016;2020.1;25;masculino;solteiro;BRASILEIRA;ABANDONO;sisu;2017.2;A0;PRIVADA;14102100;2017;FALSE;FALSE;TRUE
2016;2020.1;25;masculino;solteiro;BRASILEIRA;ABANDONO;sisu;2017.2;L1;PUBLICA;14102100;2017;FALSE;FALSE;TRUE
2013;2018.1;28;feminino;solteiro;BRASILEIRA;ABANDONO;sisu;2017.2;L1;PUBLICA;14102100;1999;FALSE;FALSE;TRUE
2016;2020.2;24;feminino;solteiro;BRASILEIRA;ABANDONO;sisu;2017.2;L1;PUBLICA;14102100;2017;FALSE;FALSE;TRUE
2016;2018.1;24;masculino;solteiro;BRASILEIRA;ABANDONO;sisu;2017.2;A0;PRIVADA;14102100;2017;FALSE;FALSE;TRUE
2014;2020.1;27;masculino;solteiro;BRASILEIRA;ABANDONO;sisu;2017.2;A0;PRIVADA;14102100;2017;FALSE;FALSE;TRUE
2016;2022.2;25;masculino;solteiro;BRASILEIRA;DESCONHECIDO;sisu;2017.2;A0;PRIVADA;14102100;2017;FALSE;TRUE;FALSE
2015;2022.2;25;masculino;solteiro;BRASILEIRA;DESCONHECIDO;sisu;2017.2;A0;PRIVADA;14102100;2017;FALSE;TRUE;FALSE
2011;2018.1;31;masculino;solteiro;BRASILEIRA;ABANDONO;sisu;2017.2;A0;PUBLICA;14102100;2017;FALSE;FALSE;TRUE
2005;2018.1;36;feminino;solteiro;BRASILEIRA;DESCONHECIDO;sisu;2017.2;A0;PRIVADA;14102100;1999;FALSE;TRUE;FALSE
2017;2018.2;28;feminino;solteiro;BRASILEIRA;EXPULSAO;sisu;2017.2;A0;PUBLICA;14102100;2017;FALSE;FALSE;TRUE
2016;2017.2;25;masculino;solteiro;BRASILEIRA;ABANDONO;sisu;2017.2;A0;PRIVADA;14102100;1999;FALSE;FALSE;TRUE
2016;2020.1;25;masculino;solteiro;BRASILEIRA;EXPULSAO;sisu;2017.2;A0;PRIVADA;14102100;2017;FALSE;FALSE;TRUE
2016;2022.1;24;feminino;solteiro;BRASILEIRA;DESCONHECIDO;sisu;2017.2;L6;PUBLICA;14102100;2017;FALSE;TRUE;FALSE
2012;2023.2;28;masculino;solteiro;BRASILEIRA;CONCLUIU_MAS_NAO_COLOU_GRAU;sisu;2017.2;L2;PUBLICA;14102100;2017;FALSE;FALSE;TRUE
2008;2023.2;35;masculino;solteiro;BRASILEIRA;CONCLUIU_MAS_NAO_COLOU_GRAU;sisu;2017.2;L2;PUBLICA;14102100;2017;FALSE;FALSE;TRUE
2016;2019.2;26;masculino;solteiro;BRASILEIRA;ABANDONO;sisu;2017.2;L2;PUBLICA;14102100;2017;FALSE;FALSE;TRUE
2015;2020.2;27;masculino;solteiro;BRASILEIRA;ABANDONO;sisu;2017.2;L2;PUBLICA;14102100;2017;FALSE;FALSE;TRUE
1994;2019.2;47;masculino;casado;BRASILEIRA;EXPULSAO;sisu;2017.2;A0;PRIVADA;14102100;2017;FALSE;FALSE;TRUE
2014;2020.2;27;masculino;solteiro;BRASILEIRA;ABANDONO;sisu;2017.2;A0;PRIVADA;14102100;2017;FALSE;FALSE;TRUE
2016;2020.1;25;masculino;solteiro;BRASILEIRA;EXPULSAO;sisu;2017.2;A0;PRIVADA;14102100;2017;FALSE;FALSE;TRUE
2016;2022.2;26;masculino;solteiro;BRASILEIRA;DESCONHECIDO;sisu;2017.2;A0;PRIVADA;14102100;2017;FALSE;TRUE;FALSE
2016;2022.2;25;masculino;solteiro;BRASILEIRA;DESCONHECIDO;sisu;2017.2;A0;MAJORITARIAMENTE_PUBLICA;14102100;2017;FALSE;TRUE;FALSE
2015;2022.2;26;masculino;solteiro;BRASILEIRA;DESCONHECIDO;sisu;2017.2;L1;PUBLICA;14102100;2017;FALSE;TRUE;FALSE
2016;2022.1;25;feminino;solteiro;BRASILEIRA;DESCONHECIDO;sisu;2017.2;A0;PRIVADA;14102100;2017;FALSE;TRUE;FALSE
2016;2019.2;25;masculino;solteiro;BRASILEIRA;ABANDONO;sisu;2017.2;A0;PRIVADA;14102100;2017;FALSE;FALSE;TRUE
2016;2023.1;24;masculino;solteiro;BRASILEIRA;EXPULSAO;sisu;2017.2;A0;PRIVADA;14102100;2017;FALSE;FALSE;TRUE
2015;2021.1;26;masculino;solteiro;BRASILEIRA;DESCONHECIDO;sisu;2017.2;L2;PUBLICA;14102100;2017;FALSE;TRUE;FALSE
2015;2021.2;26;masculino;solteiro;BRASILEIRA;DESCONHECIDO;sisu;2017.2;L2;PUBLICA;14102100;2017;FALSE;TRUE;FALSE
2016;2021.2;25;masculino;solteiro;BRASILEIRA;DESCONHECIDO;sisu;2017.2;L2;PUBLICA;14102100;2017;FALSE;TRUE;FALSE
2016;2022.2;25;masculino;solteiro;BRASILEIRA;DESCONHECIDO;sisu;2017.2;L2;PUBLICA;14102100;2017;FALSE;TRUE;FALSE
2009;2020.2;32;masculino;solteiro;BRASILEIRA;DESCONHECIDO;sisu;2017.2;L2;PUBLICA;14102100;2017;FALSE;TRUE;FALSE
2011;2023.1;28;masculino;solteiro;BRASILEIRA;DESCONHECIDO;sisu;2017.2;L2;PUBLICA;14102100;2017;FALSE;TRUE;FALSE
2013;2024.1;29;masculino;solteiro;BRASILEIRA;EXPULSAO;sisu;2017.2;L5;PUBLICA;14102100;2017;FALSE;FALSE;TRUE
2016;2022.2;25;feminino;solteiro;BRASILEIRA;DESCONHECIDO;sisu;2017.2;A0;PRIVADA;14102100;2017;FALSE;TRUE;FALSE
2016;2020.1;25;masculino;solteiro;BRASILEIRA;ABANDONO;sisu;2017.2;A0;PRIVADA;14102100;2017;FALSE;FALSE;TRUE
2013;2021.2;28;masculino;solteiro;BRASILEIRA;DESCONHECIDO;sisu;2017.2;L1;PUBLICA;14102100;2017;FALSE;TRUE;FALSE
2011;2019.2;31;masculino;solteiro;BRASILEIRA;DESCONHECIDO;sisu;2017.2;A0;PUBLICA;14102100;2017;FALSE;TRUE;FALSE
2015;2021.2;26;feminino;solteiro;BRASILEIRA;DESCONHECIDO;sisu;2017.2;A0;PRIVADA;14102100;2017;FALSE;TRUE;FALSE
2010;2018.1;31;feminino;solteiro;BRASILEIRA;DESCONHECIDO;sisu;2017.2;A0;PRIVADA;14102100;1999;FALSE;TRUE;FALSE
2016;2018.2;26;masculino;solteiro;BRASILEIRA;ABANDONO;sisu;2017.2;A0;PRIVADA;14102100;2017;FALSE;FALSE;TRUE
2015;2021.2;27;masculino;solteiro;BRASILEIRA;DESCONHECIDO;sisu;2017.2;A0;PRIVADA;14102100;2017;FALSE;TRUE;FALSE
2013;2018.1;28;masculino;solteiro;BRASILEIRA;ABANDONO;sisu;2017.2;L2;PUBLICA;14102100;1999;FALSE;FALSE;TRUE
2016;2017.2;27;masculino;solteiro;BRASILEIRA;ABANDONO;sisu;2017.2;L2;PUBLICA;14102100;1999;FALSE;FALSE;TRUE
2015;2020.1;27;feminino;solteiro;BRASILEIRA;EXPULSAO;sisu;2017.2;L2;PUBLICA;14102100;2017;FALSE;FALSE;TRUE
2007;2019.2;36;masculino;solteiro;BRASILEIRA;REINGRESSO;sisu;2017.2;L2;PUBLICA;14102100;2017;FALSE;FALSE;TRUE
2014;2021.1;26;masculino;solteiro;BRASILEIRA;DESCONHECIDO;sisu;2017.2;L2;PUBLICA;14102100;2017;FALSE;TRUE;FALSE
2017;2023.1;26;masculino;solteiro;BRASILEIRA;DESCONHECIDO;sisu;2017.2;L5;PUBLICA;14102100;2017;FALSE;TRUE;FALSE
2012;2020.1;29;masculino;solteiro;BRASILEIRA;DESCONHECIDO;sisu;2017.2;A0;PRIVADA;14102100;2017;FALSE;TRUE;FALSE
2010;2019.2;32;feminino;solteiro;BRASILEIRA;DESCONHECIDO;sisu;2017.2;L1;PUBLICA;14102100;1999;FALSE;TRUE;FALSE
2011;2022.1;29;masculino;solteiro;BRASILEIRA;DESCONHECIDO;sisu;2017.2;L6;PUBLICA;14102100;2017;FALSE;TRUE;FALSE
2016;2017.2;25;masculino;solteiro;BRASILEIRA;ABANDONO;sisu;2017.2;L2;PUBLICA;14102100;1999;FALSE;FALSE;TRUE
2010;2020.1;43;feminino;solteiro;BRASILEIRA;ABANDONO;sisu;2017.2;L2;PUBLICA;14102100;2017;FALSE;FALSE;TRUE
2010;2020.1;33;masculino;solteiro;BRASILEIRA;EXPULSAO;sisu;2017.2;A0;PUBLICA;14102100;2017;FALSE;FALSE;TRUE
2007;2020.1;35;masculino;casado;BRASILEIRA;DESCONHECIDO;sisu;2017.2;A0;PRIVADA;14102100;2017;FALSE;TRUE;FALSE
2017;2021.2;25;masculino;solteiro;BRASILEIRA;DESCONHECIDO;sisu;2017.2;L1;PUBLICA;14102100;2017;FALSE;TRUE;FALSE
2016;2022.2;24;masculino;solteiro;BRASILEIRA;DESCONHECIDO;sisu;2017.2;L2;PUBLICA;14102100;2017;FALSE;TRUE;FALSE
2017;2021.2;26;masculino;solteiro;BRASILEIRA;DESCONHECIDO;sisu;2017.2;L2;PUBLICA;14102100;2017;FALSE;TRUE;FALSE
2016;2022.2;25;masculino;solteiro;BRASILEIRA;ABANDONO;sisu;2017.2;A0;PRIVADA;14102100;2017;FALSE;FALSE;TRUE
2016;2023.1;25;masculino;solteiro;BRASILEIRA;DESCONHECIDO;sisu;2017.2;A0;PRIVADA;14102100;2017;FALSE;TRUE;FALSE
2016;2022.1;25;masculino;solteiro;BRASILEIRA;DESCONHECIDO;sisu;2017.2;A0;PRIVADA;14102100;2017;FALSE;TRUE;FALSE
2009;2018.1;32;masculino;solteiro;BRASILEIRA;ABANDONO;sisu;2017.2;A0;PRIVADA;14102100;1999;FALSE;FALSE;TRUE
2016;2019.2;25;masculino;solteiro;BRASILEIRA;TRANSFERENCIA;sisu;2017.2;A0;PRIVADA;14102100;2017;FALSE;FALSE;TRUE
2016;2019.2;26;feminino;solteiro;BRASILEIRA;TRANSFERENCIA;sisu;2017.2;A0;PRIVADA;14102100;2017;FALSE;FALSE;TRUE
2016;2023.1;25;masculino;solteiro;BRASILEIRA;DESCONHECIDO;sisu;2017.2;A0;PRIVADA;14102100;2017;FALSE;TRUE;FALSE
2016;2017.2;26;masculino;solteiro;BRASILEIRA;ABANDONO;sisu;2017.2;A0;PRIVADA;14102100;1999;FALSE;FALSE;TRUE
2016;2018.2;27;masculino;solteiro;BRASILEIRA;TRANSFERENCIA;sisu;2017.2;L6;PUBLICA;14102100;2017;FALSE;FALSE;TRUE
2017;2022.2;26;masculino;solteiro;BRASILEIRA;DESCONHECIDO;sisu;2017.2;L6;PUBLICA;14102100;2017;FALSE;TRUE;FALSE
2012;2018.1;31;masculino;solteiro;BRASILEIRA;REINGRESSO;sisu;2017.2;L6;PUBLICA;14102100;1999;FALSE;FALSE;TRUE
2016;2023.1;26;masculino;solteiro;BRASILEIRA;EXPULSAO;sisu;2017.2;L2;PUBLICA;14102100;2017;FALSE;FALSE;TRUE
2013;2023.2;27;masculino;solteiro;BRASILEIRA;EXPULSAO;sisu;2017.2;L2;PUBLICA;14102100;2017;FALSE;FALSE;TRUE
2017;2022.1;24;masculino;solteiro;BRASILEIRA;DESCONHECIDO;sisu;2018.1;A0;PRIVADA;14102100;2017;FALSE;TRUE;FALSE
2017;2022.1;24;masculino;solteiro;BRASILEIRA;DESCONHECIDO;sisu;2018.1;A0;PRIVADA;14102100;2017;FALSE;TRUE;FALSE
2017;2023.2;24;masculino;solteiro;BRASILEIRA;CONCLUIU_MAS_NAO_COLOU_GRAU;sisu;2018.1;A0;PRIVADA;14102100;2017;FALSE;FALSE;TRUE
2013;2020.2;28;masculino;solteiro;BRASILEIRA;DESCONHECIDO;sisu;2018.1;A0;PRIVADA;14102100;2017;FALSE;TRUE;FALSE
2017;2021.2;24;masculino;solteiro;BRASILEIRA;DESCONHECIDO;sisu;2018.1;A0;PRIVADA;14102100;2017;FALSE;TRUE;FALSE
2017;2022.1;24;masculino;solteiro;BRASILEIRA;DESCONHECIDO;sisu;2018.1;A0;PRIVADA;14102100;2017;FALSE;TRUE;FALSE
2017;2022.1;25;masculino;solteiro;BRASILEIRA;DESCONHECIDO;sisu;2018.1;A0;PUBLICA;14102100;2017;FALSE;TRUE;FALSE
2017;2023.1;24;feminino;solteiro;BRASILEIRA;DESCONHECIDO;sisu;2018.1;A0;PRIVADA;14102100;2017;FALSE;TRUE;FALSE
2014;2018.2;26;feminino;solteiro;BRASILEIRA;EXPULSAO;sisu;2018.1;A0;PRIVADA;14102100;2017;FALSE;FALSE;TRUE
2017;2022.1;23;masculino;solteiro;BRASILEIRA;DESCONHECIDO;sisu;2018.1;A0;PRIVADA;14102100;2017;FALSE;TRUE;FALSE
2014;2022.1;27;masculino;solteiro;BRASILEIRA;DESCONHECIDO;sisu;2018.1;A0;PRIVADA;14102100;2017;FALSE;TRUE;FALSE
1988;2020.2;53;masculino;solteiro;BRASILEIRA;ABANDONO;sisu;2018.1;A0;PUBLICA;14102100;2017;FALSE;FALSE;TRUE
2017;2020.2;25;masculino;solteiro;BRASILEIRA;ABANDONO;sisu;2018.1;A0;MAJORITARIAMENTE_PUBLICA;14102100;2017;FALSE;FALSE;TRUE
2011;2022.1;30;masculino;solteiro;BRASILEIRA;ABANDONO;sisu;2018.1;A0;PRIVADA;14102100;2017;FALSE;FALSE;TRUE
2013;2022.1;28;masculino;solteiro;BRASILEIRA;DESCONHECIDO;sisu;2018.1;A0;PRIVADA;14102100;2017;FALSE;TRUE;FALSE
2017;2019.2;23;masculino;solteiro;BRASILEIRA;ABANDONO;sisu;2018.1;A0;PRIVADA;14102100;2017;FALSE;FALSE;TRUE
2007;2020.1;34;masculino;solteiro;BRASILEIRA;DESCONHECIDO;sisu;2018.1;A0;PRIVADA;14102100;2017;FALSE;TRUE;FALSE
2016;2022.2;25;masculino;solteiro;BRASILEIRA;DESCONHECIDO;sisu;2018.1;A0;PRIVADA;14102100;2017;FALSE;TRUE;FALSE
2017;2022.1;24;masculino;solteiro;BRASILEIRA;DESCONHECIDO;sisu;2018.1;A0;PRIVADA;14102100;2017;FALSE;TRUE;FALSE
2017;2023.1;24;feminino;solteiro;BRASILEIRA;DESCONHECIDO;sisu;2018.1;A0;PRIVADA;14102100;2017;FALSE;TRUE;FALSE
2014;2022.2;26;feminino;solteiro;BRASILEIRA;DESCONHECIDO;sisu;2018.1;A0;PRIVADA;14102100;2017;FALSE;TRUE;FALSE
2016;2019.1;25;feminino;solteiro;BRASILEIRA;EXPULSAO;sisu;2018.1;A0;PRIVADA;14102100;2017;FALSE;FALSE;TRUE
2017;2023.1;24;masculino;solteiro;BRASILEIRA;DESCONHECIDO;sisu;2018.1;A0;PRIVADA;14102100;2017;FALSE;TRUE;FALSE
2017;2021.1;25;masculino;solteiro;BRASILEIRA;EXPULSAO;sisu;2018.1;A0;PRIVADA;14102100;2017;FALSE;FALSE;TRUE
2017;2022.1;24;masculino;solteiro;BRASILEIRA;DESCONHECIDO;sisu;2018.1;A0;PRIVADA;14102100;2017;FALSE;TRUE;FALSE
2017;2022.1;24;masculino;solteiro;BRASILEIRA;DESCONHECIDO;sisu;2018.1;A0;PRIVADA;14102100;2017;FALSE;TRUE;FALSE
2017;2022.2;24;feminino;solteiro;BRASILEIRA;DESCONHECIDO;sisu;2018.1;A0;PRIVADA;14102100;2017;FALSE;TRUE;FALSE
2017;2023.1;24;masculino;solteiro;BRASILEIRA;DESCONHECIDO;sisu;2018.1;A0;PRIVADA;14102100;2017;FALSE;TRUE;FALSE
2017;2023.2;24;masculino;solteiro;BRASILEIRA;CONCLUIU_MAS_NAO_COLOU_GRAU;sisu;2018.1;L2;PUBLICA;14102100;2017;FALSE;FALSE;TRUE
2017;2021.2;24;feminino;solteiro;BRASILEIRA;DESCONHECIDO;sisu;2018.1;L2;PUBLICA;14102100;2017;FALSE;TRUE;FALSE
2017;2022.1;23;masculino;solteiro;BRASILEIRA;DESCONHECIDO;sisu;2018.1;L2;PUBLICA;14102100;2017;FALSE;TRUE;FALSE
2017;2023.1;24;masculino;solteiro;BRASILEIRA;EXPULSAO;sisu;2018.1;L2;PUBLICA;14102100;2017;FALSE;FALSE;TRUE
2016;2024.1;26;masculino;solteiro;BRASILEIRA;EXPULSAO;sisu;2018.1;L2;PUBLICA;14102100;2017;FALSE;FALSE;TRUE
2012;2019.1;29;masculino;solteiro;BRASILEIRA;EXPULSAO;sisu;2018.1;L2;PUBLICA;14102100;2017;FALSE;FALSE;TRUE
2012;2020.1;33;masculino;solteiro;BRASILEIRA;EXPULSAO;sisu;2018.1;L2;PUBLICA;14102100;2017;FALSE;FALSE;TRUE
2017;2022.1;26;masculino;solteiro;BRASILEIRA;DESCONHECIDO;sisu;2018.1;L2;PUBLICA;14102100;2017;FALSE;TRUE;FALSE
2013;2021.2;27;masculino;solteiro;BRASILEIRA;DESCONHECIDO;sisu;2018.1;L6;PUBLICA;14102100;2017;FALSE;TRUE;FALSE
2017;2022.1;25;masculino;solteiro;BRASILEIRA;DESCONHECIDO;sisu;2018.1;L6;PUBLICA;14102100;2017;FALSE;TRUE;FALSE
2017;2022.2;25;masculino;solteiro;BRASILEIRA;DESCONHECIDO;sisu;2018.1;L6;PUBLICA;14102100;2017;FALSE;TRUE;FALSE
2015;2022.1;26;masculino;solteiro;BRASILEIRA;DESCONHECIDO;sisu;2018.1;L6;PUBLICA;14102100;2017;FALSE;TRUE;FALSE
2017;2022.1;25;masculino;solteiro;BRASILEIRA;DESCONHECIDO;sisu;2018.1;L6;PUBLICA;14102100;2017;FALSE;TRUE;FALSE
2017;2020.1;24;masculino;solteiro;BRASILEIRA;EXPULSAO;sisu;2018.1;L14;PUBLICA;14102100;2017;FALSE;FALSE;TRUE
2013;2018.2;29;feminino;solteiro;BRASILEIRA;ABANDONO;sisu;2018.1;L10;PUBLICA;14102100;2017;FALSE;FALSE;TRUE
2016;2019.2;26;masculino;solteiro;BRASILEIRA;EXPULSAO;sisu;2018.1;L10;PUBLICA;14102100;2017;FALSE;FALSE;TRUE
2017;2021.2;26;masculino;solteiro;BRASILEIRA;ABANDONO;sisu;2018.1;L13;PUBLICA;14102100;2017;FALSE;FALSE;TRUE
2017;2023.2;24;masculino;solteiro;BRASILEIRA;EXPULSAO;sisu;2018.1;L1;PUBLICA;14102100;2017;FALSE;FALSE;TRUE
2017;2022.1;25;masculino;solteiro;BRASILEIRA;DESCONHECIDO;sisu;2018.1;L1;PUBLICA;14102100;2017;FALSE;TRUE;FALSE
2017;2023.2;24;masculino;solteiro;BRASILEIRA;CONCLUIU_MAS_NAO_COLOU_GRAU;sisu;2018.1;L1;PUBLICA;14102100;2017;FALSE;FALSE;TRUE
2016;2018.2;26;masculino;solteiro;BRASILEIRA;REINGRESSO;sisu;2018.1;L1;PUBLICA;14102100;2017;FALSE;FALSE;TRUE
2017;2019.2;25;masculino;solteiro;BRASILEIRA;TRANSFERENCIA;sisu;2018.1;L1;PUBLICA;14102100;2017;FALSE;FALSE;TRUE
2017;2022.2;24;masculino;solteiro;BRASILEIRA;DESCONHECIDO;sisu;2018.1;L1;PUBLICA;14102100;2017;FALSE;TRUE;FALSE
2008;2019.1;34;masculino;solteiro;BRASILEIRA;ABANDONO;sisu;2018.1;L1;PUBLICA;14102100;2017;FALSE;FALSE;TRUE
2017;2022.1;25;masculino;solteiro;BRASILEIRA;DESCONHECIDO;sisu;2018.1;L5;PUBLICA;14102100;2017;FALSE;TRUE;FALSE
2017;2022.1;25;masculino;solteiro;BRASILEIRA;DESCONHECIDO;sisu;2018.1;L5;PUBLICA;14102100;2017;FALSE;TRUE;FALSE
2015;2022.2;26;masculino;solteiro;BRASILEIRA;DESCONHECIDO;sisu;2018.1;L5;PUBLICA;14102100;2017;FALSE;TRUE;FALSE
2017;2022.2;23;masculino;solteiro;BRASILEIRA;DESCONHECIDO;sisu;2018.1;L5;PUBLICA;14102100;2017;FALSE;TRUE;FALSE
2017;2023.1;24;masculino;solteiro;BRASILEIRA;DESCONHECIDO;sisu;2018.1;L5;PUBLICA;14102100;2017;FALSE;TRUE;FALSE
2015;2021.2;27;masculino;solteiro;BRASILEIRA;DESCONHECIDO;sisu;2018.1;L5;PUBLICA;14102100;2017;FALSE;TRUE;FALSE
2017;2022.1;24;masculino;solteiro;BRASILEIRA;DESCONHECIDO;sisu;2018.1;A0;PRIVADA;14102100;2017;FALSE;TRUE;FALSE
2017;2022.1;24;masculino;solteiro;BRASILEIRA;DESCONHECIDO;sisu;2018.1;A0;PRIVADA;14102100;2017;FALSE;TRUE;FALSE
2017;2020.1;24;masculino;solteiro;BRASILEIRA;ABANDONO;sisu;2018.1;A0;PRIVADA;14102100;2017;FALSE;FALSE;TRUE
2017;2023.1;24;masculino;solteiro;BRASILEIRA;ABANDONO;sisu;2018.1;A0;PRIVADA;14102100;2017;FALSE;FALSE;TRUE
2014;2023.2;28;masculino;solteiro;BRASILEIRA;CONCLUIU_MAS_NAO_COLOU_GRAU;sisu;2018.1;A0;PRIVADA;14102100;2017;FALSE;FALSE;TRUE
2008;2023.2;34;masculino;solteiro;BRASILEIRA;CONCLUIU_MAS_NAO_COLOU_GRAU;sisu;2018.1;L2;PUBLICA;14102100;2017;FALSE;FALSE;TRUE
2014;2019.1;27;masculino;solteiro;BRASILEIRA;EXPULSAO;sisu;2018.1;L2;PUBLICA;14102100;2017;FALSE;FALSE;TRUE
2017;2020.1;26;masculino;solteiro;BRASILEIRA;ABANDONO;sisu;2018.1;L6;PUBLICA;14102100;2017;FALSE;FALSE;TRUE
2017;2022.2;25;masculino;solteiro;BRASILEIRA;EXPULSAO;sisu;2018.1;L2;PUBLICA;14102100;2017;FALSE;FALSE;TRUE
2017;2023.1;24;masculino;solteiro;BRASILEIRA;DESCONHECIDO;sisu;2018.1;L2;PUBLICA;14102100;2017;FALSE;TRUE;FALSE
2014;2020.1;28;feminino;solteiro;BRASILEIRA;EXPULSAO;sisu;2018.1;L6;PUBLICA;14102100;2017;FALSE;FALSE;TRUE
2012;2018.2;31;masculino;solteiro;BRASILEIRA;ABANDONO;sisu;2018.1;L6;PUBLICA;14102100;2017;FALSE;FALSE;TRUE
2018;2023.2;25;masculino;solteiro;BRASILEIRA;DESCONHECIDO;sisu;2018.1;L6;PUBLICA;14102100;2017;FALSE;TRUE;FALSE
2002;2018.2;50;masculino;casado;BRASILEIRA;EXPULSAO;sisu;2018.1;L13;PUBLICA;14102100;2017;FALSE;FALSE;TRUE
2016;2019.1;26;masculino;solteiro;BRASILEIRA;ABANDONO;sisu;2018.1;L5;PUBLICA;14102100;2017;FALSE;FALSE;TRUE
2017;2022.2;24;masculino;solteiro;BRASILEIRA;DESCONHECIDO;sisu;2018.1;L6;PUBLICA;14102100;2017;FALSE;TRUE;FALSE
2016;2022.1;25;masculino;solteiro;BRASILEIRA;DESCONHECIDO;transferencia;2018.1;A0;PRIVADA;14102100;2017;FALSE;TRUE;FALSE
2015;2022.2;26;masculino;solteiro;BRASILEIRA;DESCONHECIDO;transferencia;2018.1;A0;PRIVADA;14102100;2017;FALSE;TRUE;FALSE
2014;2021.2;27;feminino;solteiro;BRASILEIRA;DESCONHECIDO;reopcao;2018.1;A0;PRIVADA;14102100;2017;FALSE;TRUE;FALSE
2015;2021.2;25;masculino;solteiro;BRASILEIRA;DESCONHECIDO;reopcao;2018.1;A0;PRIVADA;14102100;2017;FALSE;TRUE;FALSE
2012;2022.1;29;masculino;solteiro;BRASILEIRA;ABANDONO;reopcao;2018.1;A0;PRIVADA;14102100;2017;FALSE;FALSE;TRUE
2007;2020.2;33;masculino;solteiro;BRASILEIRA;ABANDONO;sisu;2018.1;A0;PRIVADA;14102100;2017;FALSE;FALSE;TRUE
2016;2022.2;25;masculino;solteiro;BRASILEIRA;DESCONHECIDO;sisu;2018.1;A0;PRIVADA;14102100;2017;FALSE;TRUE;FALSE
2017;2020.1;24;feminino;solteiro;BRASILEIRA;REINGRESSO;sisu;2018.1;L1;PUBLICA;14102100;2017;FALSE;FALSE;TRUE
2012;2018.2;29;masculino;solteiro;BRASILEIRA;ABANDONO;sisu;2018.2;A0;PRIVADA;14102100;2017;FALSE;FALSE;TRUE
2017;2020.2;24;masculino;solteiro;BRASILEIRA;ABANDONO;sisu;2018.2;A0;PRIVADA;14102100;2017;FALSE;FALSE;TRUE
2015;2022.2;26;masculino;solteiro;BRASILEIRA;DESCONHECIDO;sisu;2018.2;A0;PRIVADA;14102100;2017;FALSE;TRUE;FALSE
2017;2020.2;24;masculino;solteiro;BRASILEIRA;ABANDONO;sisu;2018.2;A0;PRIVADA;14102100;2017;FALSE;FALSE;TRUE
2017;2023.2;25;masculino;solteiro;BRASILEIRA;CONCLUIU_MAS_NAO_COLOU_GRAU;sisu;2018.2;A0;PRIVADA;14102100;2017;FALSE;FALSE;TRUE
2015;2020.1;26;masculino;solteiro;BRASILEIRA;ABANDONO;sisu;2018.2;A0;PRIVADA;14102100;2017;FALSE;FALSE;TRUE
2017;2021.2;23;masculino;solteiro;BRASILEIRA;ABANDONO;sisu;2018.2;A0;PRIVADA;14102100;2017;FALSE;FALSE;TRUE
2016;2022.2;26;masculino;solteiro;BRASILEIRA;DESCONHECIDO;sisu;2018.2;A0;PRIVADA;14102100;2017;FALSE;TRUE;FALSE
2017;2023.2;24;masculino;solteiro;BRASILEIRA;ABANDONO;sisu;2018.2;A0;PRIVADA;14102100;2017;FALSE;FALSE;TRUE
2016;2020.2;25;masculino;solteiro;BRASILEIRA;TRANSFERENCIA;sisu;2018.2;A0;PRIVADA;14102100;2017;FALSE;FALSE;TRUE
2013;2022.1;28;masculino;solteiro;BRASILEIRA;ABANDONO;sisu;2018.2;A0;MAJORITARIAMENTE_PRIVADA;14102100;2017;FALSE;FALSE;TRUE
2008;2023.1;33;masculino;viuvo;BRASILEIRA;EXPULSAO;sisu;2018.2;A0;PRIVADA;14102100;2017;FALSE;FALSE;TRUE
2011;2023.2;31;masculino;solteiro;BRASILEIRA;EXPULSAO;sisu;2018.2;A0;PRIVADA;14102100;2017;FALSE;FALSE;TRUE
2017;2022.2;25;feminino;solteiro;BRASILEIRA;DESCONHECIDO;sisu;2018.2;L2;PUBLICA;14102100;2017;FALSE;TRUE;FALSE
2017;2022.1;24;masculino;solteiro;BRASILEIRA;ABANDONO;sisu;2018.2;L2;PUBLICA;14102100;2017;FALSE;FALSE;TRUE
2014;2023.2;28;masculino;solteiro;BRASILEIRA;CONCLUIU_MAS_NAO_COLOU_GRAU;sisu;2018.2;L2;PUBLICA;14102100;2017;FALSE;FALSE;TRUE
2015;2021.1;27;masculino;solteiro;BRASILEIRA;ABANDONO;sisu;2018.2;L2;PUBLICA;14102100;2017;FALSE;FALSE;TRUE
2007;2024.1;37;masculino;solteiro;BRASILEIRA;EXPULSAO;sisu;2018.2;L2;PUBLICA;14102100;2023;FALSE;FALSE;TRUE
2017;2021.2;24;masculino;solteiro;BRASILEIRA;DESCONHECIDO;sisu;2018.2;L6;PUBLICA;14102100;2017;FALSE;TRUE;FALSE
2017;2023.2;23;masculino;solteiro;BRASILEIRA;CONCLUIU_MAS_NAO_COLOU_GRAU;sisu;2018.2;L6;PUBLICA;14102100;2017;FALSE;FALSE;TRUE
2015;2021.1;27;masculino;solteiro;BRASILEIRA;TRANSFERENCIA;sisu;2018.2;L6;PUBLICA;14102100;2017;FALSE;FALSE;TRUE
2014;2023.2;26;masculino;solteiro;BRASILEIRA;CONCLUIU_MAS_NAO_COLOU_GRAU;sisu;2018.2;L6;PUBLICA;14102100;2017;FALSE;FALSE;TRUE
2017;2019.1;23;masculino;solteiro;BRASILEIRA;EXPULSAO;sisu;2018.2;L6;PUBLICA;14102100;2017;FALSE;FALSE;TRUE
2013;2022.2;30;masculino;solteiro;BRASILEIRA;ABANDONO;sisu;2018.2;L6;PUBLICA;14102100;2017;FALSE;FALSE;TRUE
2016;2020.1;26;masculino;solteiro;BRASILEIRA;ABANDONO;sisu;2018.2;L1;PUBLICA;14102100;2017;FALSE;FALSE;TRUE
2017;2022.1;24;masculino;solteiro;BRASILEIRA;ABANDONO;sisu;2018.2;L1;PUBLICA;14102100;2017;FALSE;FALSE;TRUE
2016;2023.2;25;masculino;solteiro;BRASILEIRA;CONCLUIU_MAS_NAO_COLOU_GRAU;sisu;2018.2;L1;PUBLICA;14102100;2017;FALSE;FALSE;TRUE
2017;2023.2;25;masculino;solteiro;BRASILEIRA;CONCLUIU_MAS_NAO_COLOU_GRAU;sisu;2018.2;L5;PUBLICA;14102100;2017;FALSE;FALSE;TRUE
2017;2023.2;25;masculino;solteiro;BRASILEIRA;CONCLUIU_MAS_NAO_COLOU_GRAU;sisu;2018.2;L5;PUBLICA;14102100;2017;FALSE;FALSE;TRUE
2015;2019.2;29;masculino;solteiro;BRASILEIRA;EXPULSAO;sisu;2018.2;L5;PUBLICA;14102100;2017;FALSE;FALSE;TRUE
2017;2023.2;24;masculino;solteiro;BRASILEIRA;CONCLUIU_MAS_NAO_COLOU_GRAU;sisu;2018.2;L5;PUBLICA;14102100;2017;FALSE;FALSE;TRUE
2012;2021.2;30;masculino;solteiro;BRASILEIRA;ABANDONO;sisu;2018.2;L5;PUBLICA;14102100;2017;FALSE;FALSE;TRUE
2017;2023.1;24;masculino;solteiro;BRASILEIRA;DESCONHECIDO;sisu;2018.2;A0;PRIVADA;14102100;2017;FALSE;TRUE;FALSE
2017;2020.2;25;masculino;solteiro;BRASILEIRA;ABANDONO;sisu;2018.2;A0;PRIVADA;14102100;2017;FALSE;FALSE;TRUE
2010;2020.1;30;masculino;solteiro;BRASILEIRA;DESCONHECIDO;sisu;2018.2;A0;PRIVADA;14102100;2017;FALSE;TRUE;FALSE
2017;2023.2;24;masculino;solteiro;BRASILEIRA;CONCLUIU_MAS_NAO_COLOU_GRAU;sisu;2018.2;A0;PRIVADA;14102100;2017;FALSE;FALSE;TRUE
2008;2020.2;33;feminino;solteiro;BRASILEIRA;ABANDONO;sisu;2018.2;A0;PRIVADA;14102100;2017;FALSE;FALSE;TRUE
2017;2020.2;25;masculino;solteiro;BRASILEIRA;ABANDONO;sisu;2018.2;A0;PRIVADA;14102100;2017;FALSE;FALSE;TRUE
2013;2022.1;28;masculino;solteiro;BRASILEIRA;ABANDONO;sisu;2018.2;A0;PRIVADA;14102100;2017;FALSE;FALSE;TRUE
2012;2021.1;29;masculino;solteiro;BRASILEIRA;ABANDONO;sisu;2018.2;A0;PRIVADA;14102100;2017;FALSE;FALSE;TRUE
2011;2019.1;30;masculino;desconhecido;BRASILEIRA;EXPULSAO;sisu;2018.2;A0;PRIVADA;14102100;2017;FALSE;FALSE;TRUE
2017;2020.1;25;masculino;solteiro;BRASILEIRA;EXPULSAO;sisu;2018.2;A0;PRIVADA;14102100;2017;FALSE;FALSE;TRUE
2017;2023.2;23;masculino;solteiro;BRASILEIRA;CONCLUIU_MAS_NAO_COLOU_GRAU;sisu;2018.2;A0;PRIVADA;14102100;2017;FALSE;FALSE;TRUE
2017;2018.2;24;masculino;solteiro;BRASILEIRA;ABANDONO;sisu;2018.2;A0;PRIVADA;14102100;2017;FALSE;FALSE;TRUE
2017;2019.2;25;masculino;solteiro;BRASILEIRA;EXPULSAO;sisu;2018.2;A0;PRIVADA;14102100;2017;FALSE;FALSE;TRUE
2016;2022.2;25;masculino;solteiro;BRASILEIRA;DESCONHECIDO;sisu;2018.2;A0;PRIVADA;14102100;2017;FALSE;TRUE;FALSE
2015;2022.1;26;feminino;solteiro;BRASILEIRA;DESCONHECIDO;sisu;2018.2;L2;PUBLICA;14102100;2017;FALSE;TRUE;FALSE
2002;2019.2;40;masculino;casado;BRASILEIRA;ABANDONO;sisu;2018.2;L2;PUBLICA;14102100;2017;FALSE;FALSE;TRUE
2013;2018.2;27;masculino;solteiro;BRASILEIRA;ABANDONO;sisu;2018.2;L6;PUBLICA;14102100;2017;FALSE;FALSE;TRUE
2014;2021.2;29;masculino;solteiro;BRASILEIRA;DESCONHECIDO;sisu;2018.2;L6;PUBLICA;14102100;2017;FALSE;TRUE;FALSE
2015;2020.1;24;feminino;solteiro;BRASILEIRA;ABANDONO;sisu;2018.2;L6;PUBLICA;14102100;2017;FALSE;FALSE;TRUE
2015;2022.1;25;feminino;solteiro;BRASILEIRA;DESCONHECIDO;sisu;2018.2;L1;PUBLICA;14102100;2017;FALSE;TRUE;FALSE
2017;2023.1;25;masculino;solteiro;BRASILEIRA;DESCONHECIDO;sisu;2018.2;L1;PUBLICA;14102100;2017;FALSE;TRUE;FALSE
2016;2023.1;25;masculino;solteiro;BRASILEIRA;DESCONHECIDO;sisu;2018.2;L1;PUBLICA;14102100;2017;FALSE;TRUE;FALSE
2013;2023.1;27;masculino;solteiro;BRASILEIRA;DESCONHECIDO;sisu;2018.2;L1;PUBLICA;14102100;2017;FALSE;TRUE;FALSE
2017;2020.1;25;masculino;solteiro;BRASILEIRA;ABANDONO;sisu;2018.2;L5;PUBLICA;14102100;2017;FALSE;FALSE;TRUE
2010;2020.1;33;masculino;solteiro;BRASILEIRA;DESCONHECIDO;sisu;2018.2;L5;PUBLICA;14102100;2017;FALSE;TRUE;FALSE
2017;2023.1;26;feminino;solteiro;BRASILEIRA;DESCONHECIDO;sisu;2018.2;L5;PUBLICA;14102100;2017;FALSE;TRUE;FALSE
2017;2022.2;24;masculino;solteiro;BRASILEIRA;DESCONHECIDO;sisu;2018.2;A0;PRIVADA;14102100;2017;FALSE;TRUE;FALSE
2012;2022.1;29;masculino;solteiro;BRASILEIRA;EXPULSAO;sisu;2018.2;A0;MAJORITARIAMENTE_PRIVADA;14102100;2017;FALSE;FALSE;TRUE
2017;2022.2;25;feminino;solteiro;BRASILEIRA;DESCONHECIDO;sisu;2018.2;A0;PRIVADA;14102100;2017;FALSE;TRUE;FALSE
2017;2020.2;24;masculino;solteiro;BRASILEIRA;ABANDONO;sisu;2018.2;A0;PRIVADA;14102100;2017;FALSE;FALSE;TRUE
2015;2022.1;26;masculino;solteiro;BRASILEIRA;DESCONHECIDO;sisu;2018.2;A0;PRIVADA;14102100;2017;FALSE;TRUE;FALSE
2016;2020.1;25;feminino;solteiro;BRASILEIRA;EXPULSAO;sisu;2018.2;A0;PRIVADA;14102100;2017;FALSE;FALSE;TRUE
2006;2018.2;34;masculino;casado;BRASILEIRA;ABANDONO;sisu;2018.2;L2;PUBLICA;14102100;2017;FALSE;FALSE;TRUE
2017;2019.2;24;masculino;solteiro;BRASILEIRA;REINGRESSO;sisu;2018.2;L2;PUBLICA;14102100;2017;FALSE;FALSE;TRUE
2008;2023.2;34;masculino;solteiro;BRASILEIRA;EXPULSAO;sisu;2018.2;L2;PUBLICA;14102100;2017;FALSE;FALSE;TRUE
2017;2020.2;24;masculino;solteiro;BRASILEIRA;ABANDONO;sisu;2018.2;L6;PUBLICA;14102100;2017;FALSE;FALSE;TRUE
2014;2021.2;27;masculino;solteiro;BRASILEIRA;DESCONHECIDO;sisu;2018.2;L6;PUBLICA;14102100;2017;FALSE;TRUE;FALSE
2016;2023.2;24;masculino;solteiro;BRASILEIRA;DESCONHECIDO;sisu;2018.2;L1;PUBLICA;14102100;2017;FALSE;TRUE;FALSE
2011;2023.1;30;masculino;solteiro;BRASILEIRA;EXPULSAO;sisu;2018.2;L1;PUBLICA;14102100;2017;FALSE;FALSE;TRUE
2014;2021.1;27;masculino;solteiro;BRASILEIRA;DESCONHECIDO;sisu;2018.2;L5;PUBLICA;14102100;2017;FALSE;TRUE;FALSE
2017;2023.1;24;masculino;solteiro;BRASILEIRA;DESCONHECIDO;sisu;2018.2;A0;PRIVADA;14102100;2017;FALSE;TRUE;FALSE
2017;2022.2;24;masculino;solteiro;BRASILEIRA;DESCONHECIDO;sisu;2018.2;L2;PUBLICA;14102100;2017;FALSE;TRUE;FALSE
2016;2022.2;24;masculino;solteiro;BRASILEIRA;ABANDONO;sisu;2018.2;L2;PUBLICA;14102100;2017;FALSE;FALSE;TRUE
2017;2023.1;25;masculino;solteiro;BRASILEIRA;DESCONHECIDO;sisu;2018.2;L6;PUBLICA;14102100;2017;FALSE;TRUE;FALSE
2017;2023.2;24;masculino;solteiro;BRASILEIRA;CONCLUIU_MAS_NAO_COLOU_GRAU;sisu;2018.2;L6;PUBLICA;14102100;2017;FALSE;FALSE;TRUE
2017;2023.1;24;masculino;solteiro;BRASILEIRA;DESCONHECIDO;sisu;2018.2;L1;PUBLICA;14102100;2017;FALSE;TRUE;FALSE
2013;2023.2;30;masculino;solteiro;BRASILEIRA;EXPULSAO;sisu;2018.2;L5;PUBLICA;14102100;2017;FALSE;FALSE;TRUE
2017;2019.2;24;feminino;solteiro;BRASILEIRA;ABANDONO;sisu;2018.2;A0;PRIVADA;14102100;2017;FALSE;FALSE;TRUE
2017;2020.1;24;masculino;solteiro;BRASILEIRA;EXPULSAO;sisu;2018.2;L6;PUBLICA;14102100;2017;FALSE;FALSE;TRUE
2016;2022.1;25;masculino;solteiro;BRASILEIRA;DESCONHECIDO;transferencia;2018.2;A0;PRIVADA;14102100;2017;FALSE;TRUE;FALSE
2003;2023.1;38;masculino;casado;BRASILEIRA;DESCONHECIDO;transferencia;2018.2;A0;PRIVADA;14102100;2017;FALSE;TRUE;FALSE
2014;2022.1;28;masculino;solteiro;BRASILEIRA;DESCONHECIDO;transferencia;2018.2;A0;PUBLICA;14102100;2017;FALSE;TRUE;FALSE
2015;2022.1;26;masculino;solteiro;BRASILEIRA;DESCONHECIDO;reopcao;2018.2;A0;PRIVADA;14102100;2017;FALSE;TRUE;FALSE
2014;2020.2;27;masculino;solteiro;BRASILEIRA;ABANDONO;reopcao;2018.2;A0;PRIVADA;14102100;2017;FALSE;FALSE;TRUE
2016;2019.1;25;masculino;solteiro;BRASILEIRA;ABANDONO;sisu;2018.2;L1;PUBLICA;14102100;2017;FALSE;FALSE;TRUE
2015;2023.1;26;masculino;solteiro;BRASILEIRA;DESCONHECIDO;sisu;2018.2;L5;PUBLICA;14102100;2017;FALSE;TRUE;FALSE
2009;2020.1;36;feminino;solteiro;BRASILEIRA;EXPULSAO;vestibular;2018.2;L9;PUBLICA;14102100;2017;FALSE;FALSE;TRUE
2018;2023.2;24;masculino;solteiro;BRASILEIRA;CONCLUIU_MAS_NAO_COLOU_GRAU;sisu;2019.1;A0;PRIVADA;14102100;2017;FALSE;FALSE;TRUE
2018;2023.2;22;masculino;solteiro;BRASILEIRA;CONCLUIU_MAS_NAO_COLOU_GRAU;sisu;2019.1;A0;PRIVADA;14102100;2017;FALSE;FALSE;TRUE
2017;2020.1;23;masculino;solteiro;BRASILEIRA;EXPULSAO;sisu;2019.1;A0;PRIVADA;14102100;2017;FALSE;FALSE;TRUE
2018;2022.2;23;masculino;solteiro;BRASILEIRA;DESCONHECIDO;sisu;2019.1;A0;PRIVADA;14102100;2017;FALSE;TRUE;FALSE
2018;2023.2;23;masculino;solteiro;BRASILEIRA;CONCLUIU_MAS_NAO_COLOU_GRAU;sisu;2019.1;A0;PRIVADA;14102100;2017;FALSE;FALSE;TRUE
2018;2023.2;23;masculino;solteiro;BRASILEIRA;CONCLUIU_MAS_NAO_COLOU_GRAU;sisu;2019.1;A0;PRIVADA;14102100;2017;FALSE;FALSE;TRUE
2018;2023.1;23;masculino;solteiro;BRASILEIRA;DESCONHECIDO;sisu;2019.1;A0;PRIVADA;14102100;2017;FALSE;TRUE;FALSE
2018;2023.2;23;feminino;solteiro;BRASILEIRA;CONCLUIU_MAS_NAO_COLOU_GRAU;sisu;2019.1;A0;PRIVADA;14102100;2017;FALSE;FALSE;TRUE
2013;2019.1;28;masculino;solteiro;BRASILEIRA;ABANDONO;sisu;2019.1;A0;PRIVADA;14102100;2017;FALSE;FALSE;TRUE
2018;2019.2;23;masculino;desconhecido;BRASILEIRA;EXPULSAO;sisu;2019.1;A0;PRIVADA;14102100;2017;FALSE;FALSE;TRUE
2018;2023.2;23;masculino;solteiro;BRASILEIRA;CONCLUIU_MAS_NAO_COLOU_GRAU;sisu;2019.1;A0;PRIVADA;14102100;2017;FALSE;FALSE;TRUE
2018;2023.2;22;feminino;solteiro;BRASILEIRA;CONCLUIU_MAS_NAO_COLOU_GRAU;sisu;2019.1;A0;PUBLICA;14102100;2017;FALSE;FALSE;TRUE
2018;2023.1;23;masculino;solteiro;BRASILEIRA;DESCONHECIDO;sisu;2019.1;A0;PRIVADA;14102100;2017;FALSE;TRUE;FALSE
2018;2023.2;23;masculino;solteiro;BRASILEIRA;CONCLUIU_MAS_NAO_COLOU_GRAU;sisu;2019.1;A0;PRIVADA;14102100;2017;FALSE;FALSE;TRUE
2018;2021.2;23;masculino;solteiro;BRASILEIRA;ABANDONO;sisu;2019.1;A0;PRIVADA;14102100;2017;FALSE;FALSE;TRUE
2017;2023.2;24;masculino;solteiro;BRASILEIRA;CONCLUIU_MAS_NAO_COLOU_GRAU;sisu;2019.1;A0;PRIVADA;14102100;2017;FALSE;FALSE;TRUE
2018;2022.1;24;masculino;solteiro;BRASILEIRA;EXPULSAO;sisu;2019.1;A0;PRIVADA;14102100;2017;FALSE;FALSE;TRUE
2015;2022.2;26;masculino;solteiro;BRASILEIRA;DESCONHECIDO;sisu;2019.1;A0;PRIVADA;14102100;2017;FALSE;TRUE;FALSE
2018;2019.1;23;masculino;solteiro;BRASILEIRA;ABANDONO;sisu;2019.1;A0;PRIVADA;14102100;2017;FALSE;FALSE;TRUE
2018;2023.2;23;masculino;solteiro;BRASILEIRA;CONCLUIU_MAS_NAO_COLOU_GRAU;sisu;2019.1;A0;PRIVADA;14102100;2017;FALSE;FALSE;TRUE
2018;2023.2;23;feminino;solteiro;BRASILEIRA;CONCLUIU_MAS_NAO_COLOU_GRAU;sisu;2019.1;A0;PRIVADA;14102100;2017;FALSE;FALSE;TRUE
2016;2019.2;24;masculino;desconhecido;BRASILEIRA;EXPULSAO;sisu;2019.1;A0;PRIVADA;14102100;2017;FALSE;FALSE;TRUE
2018;2020.1;22;masculino;solteiro;BRASILEIRA;ABANDONO;sisu;2019.1;A0;PRIVADA;14102100;2017;FALSE;FALSE;TRUE
2016;2020.1;24;masculino;solteiro;BRASILEIRA;EXPULSAO;sisu;2019.1;A0;PRIVADA;14102100;2017;FALSE;FALSE;TRUE
2018;2023.2;23;masculino;solteiro;BRASILEIRA;CONCLUIU_MAS_NAO_COLOU_GRAU;sisu;2019.1;A0;PRIVADA;14102100;2017;FALSE;FALSE;TRUE
2016;2022.2;25;masculino;solteiro;BRASILEIRA;DESCONHECIDO;sisu;2019.1;A0;PRIVADA;14102100;2017;FALSE;TRUE;FALSE
2008;2023.1;34;masculino;solteiro;BRASILEIRA;EXPULSAO;sisu;2019.1;A0;PRIVADA;14102100;2017;FALSE;FALSE;TRUE
2018;2019.1;23;feminino;solteiro;BRASILEIRA;ABANDONO;sisu;2019.1;A0;PRIVADA;14102100;2017;FALSE;FALSE;TRUE
2017;2023.2;24;masculino;solteiro;BRASILEIRA;DESCONHECIDO;sisu;2019.1;A0;PRIVADA;14102100;2017;FALSE;TRUE;FALSE
2018;2023.2;24;masculino;solteiro;BRASILEIRA;CONCLUIU_MAS_NAO_COLOU_GRAU;sisu;2019.1;L2;PUBLICA;14102100;2017;FALSE;FALSE;TRUE
2018;2023.2;23;feminino;solteiro;BRASILEIRA;CONCLUIU_MAS_NAO_COLOU_GRAU;sisu;2019.1;L2;PUBLICA;14102100;2017;FALSE;FALSE;TRUE
2019;2023.1;23;masculino;solteiro;BRASILEIRA;DESCONHECIDO;sisu;2019.1;L2;PUBLICA;14102100;2017;FALSE;TRUE;FALSE
2016;2023.2;26;feminino;casado;BRASILEIRA;CONCLUIU_MAS_NAO_COLOU_GRAU;sisu;2019.1;L2;PUBLICA;14102100;2017;FALSE;FALSE;TRUE
2018;2023.2;24;masculino;solteiro;BRASILEIRA;CONCLUIU_MAS_NAO_COLOU_GRAU;sisu;2019.1;L6;PUBLICA;14102100;2017;FALSE;FALSE;TRUE
2018;2023.2;23;masculino;solteiro;BRASILEIRA;CONCLUIU_MAS_NAO_COLOU_GRAU;sisu;2019.1;L6;PUBLICA;14102100;2017;FALSE;FALSE;TRUE
2018;2022.1;24;masculino;solteiro;BRASILEIRA;ABANDONO;sisu;2019.1;L6;PUBLICA;14102100;2017;FALSE;FALSE;TRUE
2018;2023.1;25;masculino;solteiro;BRASILEIRA;ABANDONO;sisu;2019.1;L6;PUBLICA;14102100;2017;FALSE;FALSE;TRUE
2018;2024.1;26;masculino;solteiro;BRASILEIRA;EXPULSAO;sisu;2019.1;L6;PUBLICA;14102100;2017;FALSE;FALSE;TRUE
2015;2021.1;25;masculino;solteiro;BRASILEIRA_POR_NATURALIZACAO;ABANDONO;sisu;2019.1;L14;PUBLICA;14102100;2017;FALSE;FALSE;TRUE
2003;2019.2;48;masculino;casado;BRASILEIRA;EXPULSAO;sisu;2019.1;L14;PUBLICA;14102100;2017;FALSE;FALSE;TRUE
2019;2023.2;25;masculino;solteiro;BRASILEIRA;CONCLUIU_MAS_NAO_COLOU_GRAU;sisu;2019.1;L1;PUBLICA;14102100;2017;FALSE;FALSE;TRUE
2019;2019.1;22;masculino;solteiro;BRASILEIRA;ABANDONO;sisu;2019.1;L1;PUBLICA;14102100;2017;FALSE;FALSE;TRUE
2018;2019.1;25;masculino;solteiro;BRASILEIRA;ABANDONO;sisu;2019.1;L1;PUBLICA;14102100;2017;FALSE;FALSE;TRUE
2018;2023.2;22;masculino;solteiro;BRASILEIRA;CONCLUIU_MAS_NAO_COLOU_GRAU;sisu;2019.1;L1;PUBLICA;14102100;2017;FALSE;FALSE;TRUE
2018;2023.2;23;masculino;solteiro;BRASILEIRA;CONCLUIU_MAS_NAO_COLOU_GRAU;sisu;2019.1;L5;PUBLICA;14102100;2017;FALSE;FALSE;TRUE
2017;2023.2;23;masculino;solteiro;BRASILEIRA;CONCLUIU_MAS_NAO_COLOU_GRAU;sisu;2019.1;L5;PUBLICA;14102100;2017;FALSE;FALSE;TRUE
2012;2020.2;29;masculino;solteiro;BRASILEIRA;ABANDONO;sisu;2019.1;L5;PUBLICA;14102100;2017;FALSE;FALSE;TRUE
2013;2021.2;29;masculino;solteiro;BRASILEIRA;DESCONHECIDO;transferencia;2019.1;A0;PRIVADA;14102100;2017;FALSE;TRUE;FALSE
2004;2021.2;37;masculino;solteiro;BRASILEIRA;DESCONHECIDO;transferencia;2019.1;A0;PRIVADA;14102100;2017;FALSE;TRUE;FALSE
2015;2023.2;27;masculino;solteiro;BRASILEIRA;CONCLUIU_MAS_NAO_COLOU_GRAU;transferencia;2019.1;A0;PRIVADA;14102100;2017;FALSE;FALSE;TRUE
2018;2023.2;23;feminino;solteiro;BRASILEIRA;CONCLUIU_MAS_NAO_COLOU_GRAU;sisu;2019.1;A0;PRIVADA;14102100;2017;FALSE;FALSE;TRUE
2018;2020.2;23;masculino;solteiro;BRASILEIRA;ABANDONO;sisu;2019.1;A0;PRIVADA;14102100;2017;FALSE;FALSE;TRUE
2018;2023.2;22;masculino;solteiro;BRASILEIRA;CONCLUIU_MAS_NAO_COLOU_GRAU;sisu;2019.1;A0;PRIVADA;14102100;2017;FALSE;FALSE;TRUE
2015;2022.2;25;masculino;solteiro;BRASILEIRA;DESCONHECIDO;sisu;2019.1;A0;PRIVADA;14102100;2017;FALSE;TRUE;FALSE
2018;2021.1;23;masculino;solteiro;BRASILEIRA;ABANDONO;sisu;2019.1;L2;PUBLICA;14102100;2017;FALSE;FALSE;TRUE
2016;2023.2;25;masculino;solteiro;BRASILEIRA;CONCLUIU_MAS_NAO_COLOU_GRAU;sisu;2019.1;L2;PUBLICA;14102100;2017;FALSE;FALSE;TRUE
2019;2022.2;23;feminino;solteiro;BRASILEIRA;REINGRESSO;sisu;2019.1;L2;PUBLICA;14102100;2017;FALSE;FALSE;TRUE
2018;2023.1;24;masculino;solteiro;BRASILEIRA;DESCONHECIDO;sisu;2019.1;L6;PUBLICA;14102100;2017;FALSE;TRUE;FALSE
2015;2022.2;26;feminino;solteiro;BRASILEIRA;DESCONHECIDO;sisu;2019.1;L6;PUBLICA;14102100;2017;FALSE;TRUE;FALSE
2018;2023.2;27;masculino;solteiro;BRASILEIRA;CONCLUIU_MAS_NAO_COLOU_GRAU;sisu;2019.1;L1;PUBLICA;14102100;2017;FALSE;FALSE;TRUE
2014;2023.2;29;feminino;solteiro;BRASILEIRA;CONCLUIU_MAS_NAO_COLOU_GRAU;sisu;2019.1;L1;PUBLICA;14102100;2017;FALSE;FALSE;TRUE
2016;2022.2;27;masculino;solteiro;BRASILEIRA;ABANDONO;sisu;2019.1;L1;PUBLICA;14102100;2017;FALSE;FALSE;TRUE
2018;2023.2;23;masculino;solteiro;BRASILEIRA;CONCLUIU_MAS_NAO_COLOU_GRAU;sisu;2019.1;L5;PUBLICA;14102100;2017;FALSE;FALSE;TRUE
2018;2023.2;24;feminino;solteiro;BRASILEIRA;CONCLUIU_MAS_NAO_COLOU_GRAU;sisu;2019.1;L5;PUBLICA;14102100;2017;FALSE;FALSE;TRUE
2014;2022.2;27;masculino;solteiro;BRASILEIRA;DESCONHECIDO;sisu;2019.1;L2;PUBLICA;14102100;2017;FALSE;TRUE;FALSE
2018;2023.2;28;masculino;solteiro;BRASILEIRA;EXPULSAO;sisu;2019.1;L2;PUBLICA;14102100;2017;FALSE;FALSE;TRUE
2011;2023.2;30;masculino;solteiro;BRASILEIRA;ABANDONO;reopcao;2019.1;A0;PRIVADA;14102100;2017;FALSE;FALSE;TRUE
2018;2023.1;23;masculino;solteiro;BRASILEIRA;DESCONHECIDO;sisu;2019.1;A0;PRIVADA;14102100;2017;FALSE;TRUE;FALSE
2018;2023.1;22;masculino;solteiro;BRASILEIRA;DESCONHECIDO;sisu;2019.1;A0;PRIVADA;14102100;2017;FALSE;TRUE;FALSE
2018;2020.2;23;masculino;solteiro;BRASILEIRA;ABANDONO;sisu;2019.2;A0;PRIVADA;14102100;2017;FALSE;FALSE;TRUE
2017;2023.2;24;masculino;solteiro;BRASILEIRA;CONCLUIU_MAS_NAO_COLOU_GRAU;sisu;2019.2;A0;PRIVADA;14102100;2017;FALSE;FALSE;TRUE
2016;2023.1;24;masculino;solteiro;BRASILEIRA;DESCONHECIDO;sisu;2019.2;A0;PUBLICA;14102100;2017;FALSE;TRUE;FALSE
2018;2023.2;23;masculino;solteiro;BRASILEIRA;CONCLUIU_MAS_NAO_COLOU_GRAU;sisu;2019.2;A0;PRIVADA;14102100;2017;FALSE;FALSE;TRUE
2014;2023.2;27;masculino;solteiro;BRASILEIRA;EXPULSAO;sisu;2019.2;A0;PRIVADA;14102100;2017;FALSE;FALSE;TRUE
2018;2023.2;23;masculino;solteiro;BRASILEIRA;CONCLUIU_MAS_NAO_COLOU_GRAU;sisu;2019.2;A0;PRIVADA;14102100;2017;FALSE;FALSE;TRUE
2016;2021.1;25;feminino;solteiro;BRASILEIRA;ABANDONO;sisu;2019.2;A0;PUBLICA;14102100;2017;FALSE;FALSE;TRUE
2012;2023.1;29;masculino;solteiro;BRASILEIRA;DESCONHECIDO;sisu;2019.2;A0;PRIVADA;14102100;2017;FALSE;TRUE;FALSE
2018;2023.2;23;masculino;solteiro;BRASILEIRA;CONCLUIU_MAS_NAO_COLOU_GRAU;sisu;2019.2;A0;PRIVADA;14102100;2017;FALSE;FALSE;TRUE
2018;2022.2;23;masculino;solteiro;BRASILEIRA;EXPULSAO;sisu;2019.2;A0;PRIVADA;14102100;2017;FALSE;FALSE;TRUE
2017;2023.2;24;masculino;solteiro;BRASILEIRA;CONCLUIU_MAS_NAO_COLOU_GRAU;sisu;2019.2;A0;PRIVADA;14102100;2017;FALSE;FALSE;TRUE
2017;2023.2;24;feminino;solteiro;BRASILEIRA;CONCLUIU_MAS_NAO_COLOU_GRAU;sisu;2019.2;A0;PRIVADA;14102100;2017;FALSE;FALSE;TRUE
2018;2023.2;24;feminino;solteiro;BRASILEIRA;CONCLUIU_MAS_NAO_COLOU_GRAU;sisu;2019.2;A0;PRIVADA;14102100;2017;FALSE;FALSE;TRUE
2018;2023.2;23;masculino;solteiro;BRASILEIRA;CONCLUIU_MAS_NAO_COLOU_GRAU;sisu;2019.2;A0;PRIVADA;14102100;2017;FALSE;FALSE;TRUE
2017;2021.2;24;masculino;solteiro;BRASILEIRA;EXPULSAO;sisu;2019.2;L2;PUBLICA;14102100;2017;FALSE;FALSE;TRUE
2018;2021.2;23;masculino;solteiro;BRASILEIRA;ABANDONO;sisu;2019.2;L2;PUBLICA;14102100;2017;FALSE;FALSE;TRUE
2018;2024.1;22;masculino;solteiro;BRASILEIRA;EXPULSAO;sisu;2019.2;L6;PUBLICA;14102100;2023;FALSE;FALSE;TRUE
2002;2020.1;39;feminino;casado;BRASILEIRA;REINGRESSO;sisu;2019.2;L14;PUBLICA;14102100;2017;FALSE;FALSE;TRUE
2018;2020.2;25;masculino;solteiro;BRASILEIRA;ABANDONO;sisu;2019.2;L13;PUBLICA;14102100;2017;FALSE;FALSE;TRUE
2018;2023.1;22;feminino;solteiro;BRASILEIRA;DESCONHECIDO;sisu;2019.2;L1;PUBLICA;14102100;2017;FALSE;TRUE;FALSE
2018;2023.2;23;masculino;solteiro;BRASILEIRA;CONCLUIU_MAS_NAO_COLOU_GRAU;sisu;2019.2;L1;PUBLICA;14102100;2017;FALSE;FALSE;TRUE
2017;2024.1;25;masculino;solteiro;BRASILEIRA;EXPULSAO;sisu;2019.2;L5;PUBLICA;14102100;2017;FALSE;FALSE;TRUE
2013;2023.1;29;masculino;solteiro;BRASILEIRA;DESCONHECIDO;sisu;2019.2;A0;PRIVADA;14102100;2017;FALSE;TRUE;FALSE
2017;2023.2;23;masculino;solteiro;BRASILEIRA;CONCLUIU_MAS_NAO_COLOU_GRAU;sisu;2019.2;A0;PRIVADA;14102100;2017;FALSE;FALSE;TRUE
2016;2023.2;26;feminino;solteiro;BRASILEIRA;CONCLUIU_MAS_NAO_COLOU_GRAU;sisu;2019.2;A0;PRIVADA;14102100;2017;FALSE;FALSE;TRUE
2015;2023.1;27;masculino;solteiro;BRASILEIRA;DESCONHECIDO;sisu;2019.2;A0;PRIVADA;14102100;2017;FALSE;TRUE;FALSE
2016;2022.2;25;masculino;solteiro;BRASILEIRA;DESCONHECIDO;sisu;2019.2;A0;PRIVADA;14102100;2017;FALSE;TRUE;FALSE
2004;2022.1;37;feminino;solteiro;BRASILEIRA;ABANDONO;sisu;2019.2;A0;PRIVADA;14102100;2017;FALSE;FALSE;TRUE
2013;2020.2;28;masculino;solteiro;BRASILEIRA;ABANDONO;sisu;2019.2;A0;PRIVADA;14102100;2017;FALSE;FALSE;TRUE
2011;2020.2;30;masculino;solteiro;BRASILEIRA;ABANDONO;sisu;2019.2;A0;PRIVADA;14102100;2017;FALSE;FALSE;TRUE
2010;2020.2;31;masculino;solteiro;BRASILEIRA;ABANDONO;sisu;2019.2;L2;PUBLICA;14102100;2017;FALSE;FALSE;TRUE
2018;2022.1;24;feminino;solteiro;BRASILEIRA;ABANDONO;sisu;2019.2;L2;PUBLICA;14102100;2017;FALSE;FALSE;TRUE
2013;2020.1;31;masculino;solteiro;BRASILEIRA;EXPULSAO;sisu;2019.2;L2;PUBLICA;14102100;2017;FALSE;FALSE;TRUE
2015;2020.1;27;masculino;solteiro;BRASILEIRA;REINGRESSO;sisu;2019.2;L2;PUBLICA;14102100;2017;FALSE;FALSE;TRUE
2018;2023.1;23;masculino;solteiro;BRASILEIRA;ABANDONO;sisu;2019.2;L6;PUBLICA;14102100;2017;FALSE;FALSE;TRUE
2017;2023.2;24;masculino;solteiro;BRASILEIRA;CONCLUIU_MAS_NAO_COLOU_GRAU;sisu;2019.2;L6;PUBLICA;14102100;2017;FALSE;FALSE;TRUE
2018;2022.2;25;masculino;solteiro;BRASILEIRA;ABANDONO;sisu;2019.2;L6;PUBLICA;14102100;2017;FALSE;FALSE;TRUE
2019;2023.2;23;masculino;solteiro;BRASILEIRA;CONCLUIU_MAS_NAO_COLOU_GRAU;sisu;2019.2;L1;PUBLICA;14102100;2017;FALSE;FALSE;TRUE
2018;2020.1;22;masculino;solteiro;BRASILEIRA;ABANDONO;sisu;2019.2;A0;PRIVADA;14102100;2017;FALSE;FALSE;TRUE
2018;2023.2;24;masculino;solteiro;BRASILEIRA;CONCLUIU_MAS_NAO_COLOU_GRAU;sisu;2019.2;A0;PRIVADA;14102100;2017;FALSE;FALSE;TRUE
2019;2023.2;26;masculino;solteiro;BRASILEIRA;CONCLUIU_MAS_NAO_COLOU_GRAU;sisu;2019.2;L2;PUBLICA;14102100;2017;FALSE;FALSE;TRUE
2013;2023.1;27;masculino;solteiro;BRASILEIRA;DESCONHECIDO;sisu;2019.2;L6;PUBLICA;14102100;2017;FALSE;TRUE;FALSE
2018;2023.2;23;masculino;solteiro;BRASILEIRA;ABANDONO;sisu;2019.2;L1;PUBLICA;14102100;2017;FALSE;FALSE;TRUE
2017;2022.1;24;masculino;solteiro;BRASILEIRA;ABANDONO;sisu;2019.2;L1;PUBLICA;14102100;2017;FALSE;FALSE;TRUE
2017;2023.1;24;masculino;solteiro;BRASILEIRA;EXPULSAO;sisu;2019.2;A0;PRIVADA;14102100;2017;FALSE;FALSE;TRUE
2008;2020.1;32;feminino;solteiro;BRASILEIRA;EXPULSAO;sisu;2019.2;L6;PUBLICA;14102100;2017;FALSE;FALSE;TRUE
2018;2022.2;24;masculino;solteiro;BRASILEIRA;ABANDONO;sisu;2019.2;L5;PUBLICA;14102100;2017;FALSE;FALSE;TRUE
2011;2022.2;30;masculino;solteiro;BRASILEIRA;ABANDONO;sisu;2019.2;L1;PUBLICA;14102100;2017;FALSE;FALSE;TRUE
2017;2022.2;23;masculino;solteiro;BRASILEIRA;ABANDONO;transferencia;2019.2;A0;PRIVADA;14102100;2017;FALSE;FALSE;TRUE
2016;2023.2;25;masculino;solteiro;BRASILEIRA;CONCLUIU_MAS_NAO_COLOU_GRAU;transferencia;2019.2;A0;PRIVADA;14102100;2017;FALSE;FALSE;TRUE
2009;2022.2;33;masculino;solteiro;BRASILEIRA;ABANDONO;transferencia;2019.2;A0;PRIVADA;14102100;2017;FALSE;FALSE;TRUE
2010;2023.2;32;masculino;solteiro;BRASILEIRA;CONCLUIU_MAS_NAO_COLOU_GRAU;graduado;2019.2;A0;PRIVADA;14102100;2017;FALSE;FALSE;TRUE
2017;2023.2;23;masculino;solteiro;BRASILEIRA;CONCLUIU_MAS_NAO_COLOU_GRAU;reopcao;2019.2;A0;PRIVADA;14102100;2017;FALSE;FALSE;TRUE
2017;2023.1;25;masculino;solteiro;BRASILEIRA;EXPULSAO;reopcao;2019.2;A0;PUBLICA;14102100;2017;FALSE;FALSE;TRUE
2016;2023.1;25;masculino;solteiro;BRASILEIRA;ABANDONO;transferencia;2019.2;A0;PUBLICA;14102100;2017;FALSE;FALSE;TRUE
2010;2023.2;31;masculino;solteiro;BRASILEIRA;CONCLUIU_MAS_NAO_COLOU_GRAU;graduado;2019.2;A0;PRIVADA;14102100;2017;FALSE;FALSE;TRUE
2013;2023.1;28;masculino;solteiro;BRASILEIRA;EXPULSAO;sisu;2019.2;L2;PUBLICA;14102100;2017;FALSE;FALSE;TRUE
2007;2021.2;36;masculino;solteiro;BRASILEIRA;DESCONHECIDO;sisu;2019.2;L6;PUBLICA;14102100;2017;FALSE;TRUE;FALSE
2019;2020.2;23;masculino;solteiro;BRASILEIRA;ABANDONO;sisu;2020.1;A0;PRIVADA;14102100;2017;FALSE;FALSE;TRUE
2019;2023.2;22;masculino;solteiro;BRASILEIRA;ABANDONO;sisu;2020.1;A0;PRIVADA;14102100;2017;FALSE;FALSE;TRUE
2019;2022.2;22;masculino;casado;BRASILEIRA;ABANDONO;sisu;2020.1;A0;PRIVADA;14102100;2017;FALSE;FALSE;TRUE
2012;2023.2;28;masculino;solteiro;BRASILEIRA_POR_NATURALIZACAO;CONCLUIU_MAS_NAO_COLOU_GRAU;sisu;2020.1;A0;PRIVADA;14102100;2017;FALSE;FALSE;TRUE
2015;2020.2;27;masculino;solteiro;BRASILEIRA;ABANDONO;sisu;2020.1;A0;PRIVADA;14102100;2017;FALSE;FALSE;TRUE
2019;2024.1;22;masculino;solteiro;BRASILEIRA;EXPULSAO;sisu;2020.1;A0;PRIVADA;14102100;2017;FALSE;FALSE;TRUE
2008;2022.1;33;masculino;solteiro;BRASILEIRA;ABANDONO;sisu;2020.1;A0;PRIVADA;14102100;2017;FALSE;FALSE;TRUE
2019;2023.1;22;masculino;casado;BRASILEIRA;ABANDONO;sisu;2020.1;A0;PRIVADA;14102100;2017;FALSE;FALSE;TRUE
2019;2023.1;22;masculino;solteiro;BRASILEIRA;EXPULSAO;sisu;2020.1;L2;PUBLICA;14102100;2017;FALSE;FALSE;TRUE
2019;2022.1;23;masculino;solteiro;BRASILEIRA;ABANDONO;sisu;2020.1;L6;PUBLICA;14102100;2017;FALSE;FALSE;TRUE
2019;2021.1;22;feminino;solteiro;BRASILEIRA;ABANDONO;sisu;2020.1;L6;PUBLICA;14102100;2017;FALSE;FALSE;TRUE
2019;2024.1;22;masculino;solteiro;BRASILEIRA;ABANDONO;sisu;2020.1;L6;PUBLICA;14102100;2017;FALSE;FALSE;TRUE
2019;2020.2;22;masculino;solteiro;BRASILEIRA;ABANDONO;sisu;2020.1;L6;PUBLICA;14102100;2017;FALSE;FALSE;TRUE
2002;2020.2;39;feminino;casado;BRASILEIRA;ABANDONO;sisu;2020.1;L14;PUBLICA;14102100;2017;FALSE;FALSE;TRUE
2017;2020.2;26;masculino;solteiro;BRASILEIRA;ABANDONO;sisu;2020.1;L14;PUBLICA;14102100;2017;FALSE;FALSE;TRUE
2019;2023.1;23;masculino;solteiro;BRASILEIRA;TRANSFERENCIA;sisu;2020.1;L14;PUBLICA;14102100;2017;FALSE;FALSE;TRUE
2016;2020.1;25;masculino;solteiro;BRASILEIRA;ABANDONO;sisu;2020.1;L5;PUBLICA;14102100;2017;FALSE;FALSE;TRUE
2018;2023.2;23;masculino;solteiro;BRASILEIRA;ABANDONO;reopcao;2020.1;A0;PRIVADA;14102100;2017;FALSE;FALSE;TRUE
2013;2021.1;29;masculino;solteiro;BRASILEIRA;ABANDONO;transferencia;2020.1;A0;PUBLICA;14102100;2017;FALSE;FALSE;TRUE
2013;2020.2;27;masculino;solteiro;BRASILEIRA;ABANDONO;transferencia;2020.1;A0;PRIVADA;14102100;2017;FALSE;FALSE;TRUE
2015;2023.2;26;masculino;solteiro;BRASILEIRA;EXPULSAO;sisu;2020.1;A0;PRIVADA;14102100;2017;FALSE;FALSE;TRUE
2000;2021.1;42;masculino;solteiro;BRASILEIRA;ABANDONO;sisu;2020.1;L2;PUBLICA;14102100;2017;FALSE;FALSE;TRUE
2017;2023.2;24;feminino;solteiro;BRASILEIRA;CONCLUIU_MAS_NAO_COLOU_GRAU;sisu;2020.1;L2;PUBLICA;14102100;2017;FALSE;FALSE;TRUE
2018;2023.2;24;feminino;solteiro;BRASILEIRA;CONCLUIU_MAS_NAO_COLOU_GRAU;sisu;2020.1;L2;PUBLICA;14102100;2017;FALSE;FALSE;TRUE
2016;2020.2;26;masculino;solteiro;BRASILEIRA;ABANDONO;sisu;2020.1;L2;PUBLICA;14102100;2017;FALSE;FALSE;TRUE
2016;2022.2;26;masculino;solteiro;BRASILEIRA;ABANDONO;sisu;2020.1;L2;PUBLICA;14102100;2017;FALSE;FALSE;TRUE
2014;2022.1;29;masculino;solteiro;BRASILEIRA;DESCONHECIDO;sisu;2020.1;L2;PUBLICA;14102100;2017;FALSE;TRUE;FALSE
2017;2023.2;24;masculino;solteiro;BRASILEIRA;CONCLUIU_MAS_NAO_COLOU_GRAU;reopcao;2020.1;A0;PRIVADA;14102100;2017;FALSE;FALSE;TRUE
2019;2022.1;23;feminino;solteiro;BRASILEIRA;ABANDONO;sisu;2020.1;L2;PUBLICA;14102100;2017;FALSE;FALSE;TRUE
2019;2022.2;22;masculino;solteiro;BRASILEIRA;ABANDONO;sisu;2020.1;L1;PUBLICA;14102100;2017;FALSE;FALSE;TRUE
2014;2023.1;27;masculino;solteiro;BRASILEIRA;ABANDONO;sisu;2020.1;L5;PUBLICA;14102100;2017;FALSE;FALSE;TRUE
2018;2021.1;23;masculino;solteiro;BRASILEIRA;ABANDONO;sisu;2020.1;L2;PUBLICA;14102100;2017;FALSE;FALSE;TRUE
2017;2023.2;25;masculino;solteiro;BRASILEIRA;EXPULSAO;sisu;2020.1;L6;PUBLICA;14102100;2017;FALSE;FALSE;TRUE
2020;2020.2;25;masculino;solteiro;BRASILEIRA;ABANDONO;sisu;2020.1;L1;PUBLICA;14102100;2017;FALSE;FALSE;TRUE
2018;2020.2;24;masculino;solteiro;BRASILEIRA;ABANDONO;sisu;2020.1;L1;PUBLICA;14102100;2017;FALSE;FALSE;TRUE
2017;2023.2;27;masculino;solteiro;BRASILEIRA;ABANDONO;transferencia;2020.1;A0;MAJORITARIAMENTE_PRIVADA;14102100;2017;FALSE;FALSE;TRUE
2018;2021.1;23;masculino;solteiro;BRASILEIRA;ABANDONO;sisu;2020.2;A0;PRIVADA;14102100;2017;FALSE;FALSE;TRUE
2016;2023.1;24;masculino;solteiro;BRASILEIRA;ABANDONO;sisu;2020.2;A0;PRIVADA;14102100;2017;FALSE;FALSE;TRUE
2019;2023.2;22;masculino;solteiro;BRASILEIRA;ABANDONO;sisu;2020.2;A0;PRIVADA;14102100;2023;FALSE;FALSE;TRUE
2019;2022.2;22;masculino;solteiro;BRASILEIRA;ABANDONO;sisu;2020.2;A0;PRIVADA;14102100;2017;FALSE;FALSE;TRUE
2019;2022.2;22;masculino;solteiro;BRASILEIRA;TRANSFERENCIA;sisu;2020.2;A0;PRIVADA;14102100;2017;FALSE;FALSE;TRUE
2019;2023.1;22;masculino;solteiro;BRASILEIRA;EXPULSAO;sisu;2020.2;L6;PUBLICA;14102100;2017;FALSE;FALSE;TRUE
2018;2021.1;27;masculino;solteiro;BRASILEIRA;ABANDONO;sisu;2020.2;L6;PUBLICA;14102100;2017;FALSE;FALSE;TRUE
2007;2022.2;63;masculino;casado;BRASILEIRA;EXPULSAO;sisu;2020.2;L14;PUBLICA;14102100;2017;FALSE;FALSE;TRUE
2013;2023.2;29;masculino;solteiro;BRASILEIRA;EXPULSAO;sisu;2020.2;L1;PUBLICA;14102100;2017;FALSE;FALSE;TRUE
2019;2021.1;22;masculino;solteiro;BRASILEIRA;ABANDONO;sisu;2020.2;L5;PUBLICA;14102100;2017;FALSE;FALSE;TRUE
2018;2023.1;23;masculino;solteiro;BRASILEIRA;ABANDONO;sisu;2020.2;L5;PUBLICA;14102100;2017;FALSE;FALSE;TRUE
2019;2023.1;22;masculino;solteiro;BRASILEIRA;EXPULSAO;sisu;2020.2;A0;PRIVADA;14102100;2017;FALSE;FALSE;TRUE
2019;2023.1;23;masculino;solteiro;BRASILEIRA;ABANDONO;sisu;2020.2;L2;PUBLICA;14102100;2017;FALSE;FALSE;TRUE
2015;2023.2;27;masculino;solteiro;BRASILEIRA;EXPULSAO;sisu;2020.2;L2;PUBLICA;14102100;2017;FALSE;FALSE;TRUE
2019;2023.2;22;masculino;solteiro;BRASILEIRA;EXPULSAO;sisu;2020.2;L2;PUBLICA;14102100;2017;FALSE;FALSE;TRUE
2014;2024.1;27;masculino;solteiro;BRASILEIRA;EXPULSAO;sisu;2020.2;L1;PUBLICA;14102100;2017;FALSE;FALSE;TRUE
2018;2024.1;23;masculino;solteiro;BRASILEIRA;EXPULSAO;sisu;2020.2;L6;PUBLICA;14102100;2023;FALSE;FALSE;TRUE
2009;2022.2;32;masculino;solteiro;BRASILEIRA;ABANDONO;sisu;2020.2;A0;PRIVADA;14102100;2017;FALSE;FALSE;TRUE
2019;2022.2;22;masculino;solteiro;BRASILEIRA;ABANDONO;sisu;2020.2;A0;PRIVADA;14102100;2017;FALSE;FALSE;TRUE
2018;2020.2;23;masculino;solteiro;BRASILEIRA;ABANDONO;sisu;2020.2;L2;PUBLICA;14102100;2017;FALSE;FALSE;TRUE
2018;2021.1;23;masculino;solteiro;BRASILEIRA;ABANDONO;sisu;2020.2;L6;PUBLICA;14102100;2017;FALSE;FALSE;TRUE
2018;2023.2;23;masculino;solteiro;BRASILEIRA;EXPULSAO;sisu;2020.2;L1;PUBLICA;14102100;2017;FALSE;FALSE;TRUE
2013;2022.1;28;masculino;solteiro;BRASILEIRA;ABANDONO;sisu;2020.2;L5;PUBLICA;14102100;2017;FALSE;FALSE;TRUE
2018;2021.2;22;masculino;solteiro;BRASILEIRA;ABANDONO;sisu;2021.1;A0;PRIVADA;14102100;2017;FALSE;FALSE;TRUE
2016;2022.2;25;feminino;solteiro;BRASILEIRA;ABANDONO;sisu;2021.1;A0;PRIVADA;14102100;2017;FALSE;FALSE;TRUE
2020;2023.2;21;masculino;solteiro;BRASILEIRA;ABANDONO;sisu;2021.1;A0;PRIVADA;14102100;2023;FALSE;FALSE;TRUE
2020;2022.1;21;masculino;solteiro;BRASILEIRA;ABANDONO;sisu;2021.1;A0;PRIVADA;14102100;2017;FALSE;FALSE;TRUE
2020;2021.2;21;masculino;solteiro;BRASILEIRA;ABANDONO;sisu;2021.1;A0;PRIVADA;14102100;2017;FALSE;FALSE;TRUE
2011;2023.2;30;masculino;solteiro;BRASILEIRA;EXPULSAO;sisu;2021.1;L2;PUBLICA;14102100;2017;FALSE;FALSE;TRUE
2020;2021.1;21;masculino;solteiro;BRASILEIRA;ABANDONO;sisu;2021.1;L2;PUBLICA;14102100;2017;FALSE;FALSE;TRUE
2020;2022.2;23;masculino;solteiro;BRASILEIRA;ABANDONO;sisu;2021.1;L6;PUBLICA;14102100;2017;FALSE;FALSE;TRUE
2021;2022.2;22;feminino;solteiro;BRASILEIRA;ABANDONO;sisu;2021.1;L6;PUBLICA;14102100;2017;FALSE;FALSE;TRUE
2008;2023.2;36;masculino;casado;BRASILEIRA;ABANDONO;sisu;2021.1;L9;PUBLICA;14102100;2017;FALSE;FALSE;TRUE
2021;2023.1;21;feminino;solteiro;BRASILEIRA;TRANSFERENCIA;sisu;2021.1;L1;PUBLICA;14102100;2017;FALSE;FALSE;TRUE
2020;2021.1;22;masculino;solteiro;BRASILEIRA;ABANDONO;sisu;2021.1;L1;PUBLICA;14102100;2017;FALSE;FALSE;TRUE
2020;2022.1;23;masculino;solteiro;BRASILEIRA;ABANDONO;sisu;2021.1;L1;PUBLICA;14102100;2017;FALSE;FALSE;TRUE
2019;2024.1;22;masculino;solteiro;BRASILEIRA;EXPULSAO;sisu;2021.1;L2;PUBLICA;14102100;2017;FALSE;FALSE;TRUE
2021;2021.2;22;masculino;solteiro;BRASILEIRA;ABANDONO;sisu;2021.1;L6;PUBLICA;14102100;2017;FALSE;FALSE;TRUE
2013;2021.2;29;feminino;solteiro;BRASILEIRA;ABANDONO;sisu;2021.1;L1;PUBLICA;14102100;2017;FALSE;FALSE;TRUE
2021;2022.2;22;feminino;solteiro;BRASILEIRA;ABANDONO;sisu;2021.1;L6;PUBLICA;14102100;2017;FALSE;FALSE;TRUE
2010;2023.2;31;feminino;solteiro;BRASILEIRA;ABANDONO;sisu;2021.1;A0;PRIVADA;14102100;2017;FALSE;FALSE;TRUE
2013;2024.1;27;masculino;solteiro;BRASILEIRA;EXPULSAO;sisu;2021.1;L6;PUBLICA;14102100;2023;FALSE;FALSE;TRUE
2019;2023.1;31;feminino;solteiro;ESTRANGEIRA;TRANSFERENCIA;convenio;2021.1;A0;PUBLICA;14102100;2017;FALSE;FALSE;TRUE
2020;2024.1;21;masculino;solteiro;BRASILEIRA;EXPULSAO;sisu;2021.2;A0;PRIVADA;14102100;2017;FALSE;FALSE;TRUE
2019;2022.1;22;masculino;solteiro;BRASILEIRA;ABANDONO;sisu;2021.2;A0;PRIVADA;14102100;2017;FALSE;FALSE;TRUE
2020;2022.1;21;masculino;solteiro;BRASILEIRA;ABANDONO;sisu;2021.2;A0;PRIVADA;14102100;2017;FALSE;FALSE;TRUE
2014;2022.2;28;masculino;solteiro;BRASILEIRA;ABANDONO;sisu;2021.2;A0;PRIVADA;14102100;2017;FALSE;FALSE;TRUE
2020;2022.2;20;masculino;solteiro;BRASILEIRA;ABANDONO;sisu;2021.2;A0;PRIVADA;14102100;2017;FALSE;FALSE;TRUE
2018;2023.2;23;masculino;solteiro;BRASILEIRA;ABANDONO;sisu;2021.2;A0;PRIVADA;14102100;2017;FALSE;FALSE;TRUE
2020;2022.1;21;masculino;solteiro;BRASILEIRA;ABANDONO;sisu;2021.2;A0;PRIVADA;14102100;2017;FALSE;FALSE;TRUE
2020;2022.1;21;masculino;solteiro;BRASILEIRA;ABANDONO;sisu;2021.2;L6;PUBLICA;14102100;2017;FALSE;FALSE;TRUE
2019;2022.2;24;masculino;solteiro;BRASILEIRA;ABANDONO;sisu;2021.2;L1;PUBLICA;14102100;2017;FALSE;FALSE;TRUE
2020;2022.2;23;masculino;solteiro;BRASILEIRA;ABANDONO;sisu;2021.2;L5;PUBLICA;14102100;2017;FALSE;FALSE;TRUE
2020;2023.2;20;masculino;solteiro;BRASILEIRA;EXPULSAO;sisu;2021.2;A0;PRIVADA;14102100;2017;FALSE;FALSE;TRUE
2021;2022.2;21;masculino;solteiro;BRASILEIRA;ABANDONO;sisu;2021.2;L2;PUBLICA;14102100;2017;FALSE;FALSE;TRUE
2021;2024.1;21;feminino;solteiro;BRASILEIRA;EXPULSAO;sisu;2021.2;L2;PUBLICA;14102100;2017;FALSE;FALSE;TRUE
2018;2022.2;23;masculino;solteiro;BRASILEIRA;ABANDONO;sisu;2021.2;L6;PUBLICA;14102100;2017;FALSE;FALSE;TRUE
2021;2022.2;27;feminino;solteiro;BRASILEIRA;ABANDONO;sisu;2021.2;L6;PUBLICA;14102100;2017;FALSE;FALSE;TRUE
2011;2022.2;29;feminino;solteiro;BRASILEIRA;EXPULSAO;sisu;2021.2;L6;PUBLICA;14102100;2017;FALSE;FALSE;TRUE
2020;2022.1;21;masculino;solteiro;BRASILEIRA;ABANDONO;sisu;2021.2;L6;PUBLICA;14102100;2017;FALSE;FALSE;TRUE
2021;2023.1;20;feminino;solteiro;BRASILEIRA;ABANDONO;sisu;2021.2;L6;PUBLICA;14102100;2017;FALSE;FALSE;TRUE
2018;2024.1;24;masculino;solteiro;BRASILEIRA;EXPULSAO;sisu;2021.2;L6;PUBLICA;14102100;2023;FALSE;FALSE;TRUE
2020;2023.1;21;masculino;solteiro;BRASILEIRA;ABANDONO;sisu;2021.2;A0;PRIVADA;14102100;2017;FALSE;FALSE;TRUE
2010;2022.2;33;masculino;solteiro;BRASILEIRA;ABANDONO;sisu;2021.2;L2;PUBLICA;14102100;2017;FALSE;FALSE;TRUE
2010;2022.1;34;feminino;solteiro;BRASILEIRA;ABANDONO;sisu;2021.2;L5;PUBLICA;14102100;2017;FALSE;FALSE;TRUE
2020;2024.1;20;masculino;solteiro;BRASILEIRA;EXPULSAO;sisu;2021.2;L2;PUBLICA;14102100;2017;FALSE;FALSE;TRUE
2020;2022.1;21;masculino;solteiro;BRASILEIRA;ABANDONO;sisu;2021.2;L6;PUBLICA;14102100;2017;FALSE;FALSE;TRUE
2018;2023.2;31;masculino;divorciado;BRASILEIRA;ABANDONO;sisu;2022.1;A0;PUBLICA;14102100;2017;FALSE;FALSE;TRUE
2013;2023.2;31;masculino;solteiro;BRASILEIRA;ABANDONO;sisu;2022.1;A0;PRIVADA;14102100;2023;FALSE;FALSE;TRUE
2021;2023.1;20;feminino;solteiro;BRASILEIRA;ABANDONO;sisu;2022.1;A0;PRIVADA;14102100;2017;FALSE;FALSE;TRUE
2021;2022.2;20;masculino;solteiro;BRASILEIRA;ABANDONO;sisu;2022.1;A0;PRIVADA;14102100;2017;FALSE;FALSE;TRUE
2021;2022.1;20;masculino;solteiro;BRASILEIRA;DESISTENCIA;sisu;2022.1;A0;PRIVADA;14102100;2017;FALSE;FALSE;TRUE
2020;2024.1;22;masculino;solteiro;BRASILEIRA;EXPULSAO;sisu;2022.1;A0;PRIVADA;14102100;2023;FALSE;FALSE;TRUE
2020;2023.1;23;masculino;solteiro;BRASILEIRA;ABANDONO;sisu;2022.1;L6;PUBLICA;14102100;2017;FALSE;FALSE;TRUE
2022;2023.1;20;masculino;solteiro;BRASILEIRA;EXPULSAO;sisu;2022.1;L2;PUBLICA;14102100;2017;FALSE;FALSE;TRUE
2021;2023.1;19;masculino;solteiro;BRASILEIRA;EXPULSAO;sisu;2022.1;L9;PUBLICA;14102100;2017;FALSE;FALSE;TRUE
1999;2022.1;44;masculino;desconhecido;BRASILEIRA;DESISTENCIA;sisu;2022.1;L13;PUBLICA;14102100;2017;FALSE;FALSE;TRUE
2022;2022.1;21;masculino;desconhecido;BRASILEIRA;DESISTENCIA;sisu;2022.1;L5;PUBLICA;14102100;2017;FALSE;FALSE;TRUE
2019;2022.1;22;masculino;solteiro;BRASILEIRA;DESISTENCIA;sisu;2022.1;A0;PRIVADA;14102100;2017;FALSE;FALSE;TRUE
2021;2022.1;20;masculino;desconhecido;BRASILEIRA;DESISTENCIA;sisu;2022.1;A0;PRIVADA;14102100;2017;FALSE;FALSE;TRUE
2011;2022.2;32;masculino;solteiro;BRASILEIRA;ABANDONO;sisu;2022.1;L6;PUBLICA;14102100;2017;FALSE;FALSE;TRUE
2021;2022.2;21;feminino;solteiro;BRASILEIRA;ABANDONO;sisu;2022.1;L13;PUBLICA;14102100;2017;FALSE;FALSE;TRUE
2021;2022.1;20;masculino;solteiro;BRASILEIRA;DESISTENCIA;sisu;2022.1;L6;PUBLICA;14102100;2017;FALSE;FALSE;TRUE
2014;2022.2;28;masculino;solteiro;BRASILEIRA;ABANDONO;sisu;2022.1;A0;PRIVADA;14102100;2017;FALSE;FALSE;TRUE
2020;2023.1;20;masculino;solteiro;BRASILEIRA;EXPULSAO;vestibular;2022.1;A0;PRIVADA;14102100;2017;FALSE;FALSE;TRUE
2018;2022.2;25;feminino;casado;BRASILEIRA;ABANDONO;vestibular;2022.1;L6;PUBLICA;14102100;2017;FALSE;FALSE;TRUE
2007;2022.2;34;masculino;casado;BRASILEIRA;ABANDONO;sisu;2022.2;A0;PRIVADA;14102100;2017;FALSE;FALSE;TRUE
2021;2022.2;19;masculino;desconhecido;BRASILEIRA;DESISTENCIA;sisu;2022.2;A0;PRIVADA;14102100;2017;FALSE;FALSE;TRUE
2009;2022.2;32;feminino;desconhecido;BRASILEIRA;DESISTENCIA;sisu;2022.2;A0;PRIVADA;14102100;2017;FALSE;FALSE;TRUE
2015;2023.2;27;masculino;solteiro;BRASILEIRA;ABANDONO;sisu;2022.2;L6;PUBLICA;14102100;2017;FALSE;FALSE;TRUE
2021;2022.2;20;masculino;solteiro;BRASILEIRA;DESISTENCIA;sisu;2022.2;L2;PUBLICA;14102100;2017;FALSE;FALSE;TRUE
2009;2024.1;36;feminino;solteiro;BRASILEIRA;EXPULSAO;sisu;2022.2;L14;PUBLICA;14102100;2023;FALSE;FALSE;TRUE
2021;2023.2;22;masculino;solteiro;BRASILEIRA;ABANDONO;sisu;2022.2;L9;PUBLICA;14102100;2017;FALSE;FALSE;TRUE
2015;2023.1;27;masculino;solteiro;BRASILEIRA;EXPULSAO;sisu;2022.2;A0;PRIVADA;14102100;2017;FALSE;FALSE;TRUE
2021;2022.2;21;masculino;solteiro;BRASILEIRA;DESISTENCIA;sisu;2022.2;A0;PRIVADA;14102100;2017;FALSE;FALSE;TRUE
2021;2024.1;20;masculino;solteiro;BRASILEIRA;EXPULSAO;sisu;2022.2;A0;PRIVADA;14102100;2023;FALSE;FALSE;TRUE
1996;2023.1;49;masculino;casado;BRASILEIRA;EXPULSAO;sisu;2022.2;L6;PUBLICA;14102100;2017;FALSE;FALSE;TRUE
2017;2023.1;28;feminino;solteiro;BRASILEIRA;ABANDONO;sisu;2022.2;L6;PUBLICA;14102100;2017;FALSE;FALSE;TRUE
2012;2022.2;29;masculino;desconhecido;BRASILEIRA;DESISTENCIA;sisu;2022.2;L2;PUBLICA;14102100;2017;FALSE;FALSE;TRUE
2021;2022.2;20;feminino;desconhecido;BRASILEIRA;DESISTENCIA;sisu;2022.2;L2;PUBLICA;14102100;2017;FALSE;FALSE;TRUE
2022;2022.2;20;feminino;desconhecido;BRASILEIRA;DESISTENCIA;sisu;2022.2;L5;PUBLICA;14102100;2017;FALSE;FALSE;TRUE
2022;2024.1;20;masculino;solteiro;BRASILEIRA;EXPULSAO;sisu;2022.2;L5;PUBLICA;14102100;2023;FALSE;FALSE;TRUE
2021;2023.1;20;masculino;solteiro;BRASILEIRA;ABANDONO;sisu;2022.2;A0;PRIVADA;14102100;2017;FALSE;FALSE;TRUE
2016;2023.1;25;feminino;solteiro;BRASILEIRA;EXPULSAO;sisu;2022.2;L6;PUBLICA;14102100;2017;FALSE;FALSE;TRUE
2022;2022.2;21;masculino;solteiro;BRASILEIRA;ABANDONO;sisu;2022.2;L2;PUBLICA;14102100;2017;FALSE;FALSE;TRUE
2018;2024.1;23;feminino;solteiro;BRASILEIRA;EXPULSAO;sisu;2022.2;L2;PUBLICA;14102100;2023;FALSE;FALSE;TRUE
2021;2024.1;21;feminino;solteiro;BRASILEIRA;EXPULSAO;sisu;2022.2;L6;PUBLICA;14102100;2023;FALSE;FALSE;TRUE
2021;2023.1;21;masculino;solteiro;BRASILEIRA;EXPULSAO;sisu;2022.2;L2;PUBLICA;14102100;2017;FALSE;FALSE;TRUE
2021;2023.1;21;masculino;solteiro;BRASILEIRA;ABANDONO;sisu;2022.2;L2;PUBLICA;14102100;2017;FALSE;FALSE;TRUE
2022;2022.2;20;feminino;solteiro;BRASILEIRA;ABANDONO;sisu;2022.2;L5;PUBLICA;14102100;2017;FALSE;FALSE;TRUE
2022;2023.1;19;masculino;solteiro;BRASILEIRA;DESISTENCIA;sisu;2023.1;L6;PUBLICA;14102100;2017;FALSE;FALSE;TRUE
2009;2023.1;32;masculino;casado;BRASILEIRA;DESISTENCIA;sisu;2023.1;L6;PUBLICA;14102100;2017;FALSE;FALSE;TRUE
2023;2023.2;19;masculino;solteiro;BRASILEIRA;ABANDONO;sisu;2023.1;L2;PUBLICA;14102100;2023;FALSE;FALSE;TRUE
2015;2023.1;26;masculino;desconhecido;BRASILEIRA;DESISTENCIA;sisu;2023.1;BONUS;PRIVADA;14102100;2017;FALSE;FALSE;TRUE
2021;2023.1;23;masculino;desconhecido;BRASILEIRA;DESISTENCIA;sisu;2023.1;BONUS;PUBLICA;14102100;2017;FALSE;FALSE;TRUE
2021;2023.1;20;masculino;solteiro;BRASILEIRA;DESISTENCIA;sisu;2023.1;BONUS;PRIVADA;14102100;2017;FALSE;FALSE;TRUE
2011;2023.1;30;masculino;desconhecido;BRASILEIRA;DESISTENCIA;sisu;2023.1;BONUS;PRIVADA;14102100;2017;FALSE;FALSE;TRUE
2014;2024.1;26;masculino;solteiro;BRASILEIRA;EXPULSAO;sisu;2023.1;L2;PUBLICA;14102100;2017;FALSE;FALSE;TRUE
2015;2023.2;26;feminino;solteiro;BRASILEIRA;DESISTENCIA;sisu;2023.2;A0;PRIVADA;14102100;2023;FALSE;FALSE;TRUE
2012;2023.2;31;feminino;desconhecido;BRASILEIRA;DESISTENCIA;sisu;2023.2;L2;PUBLICA;14102100;2023;FALSE;FALSE;TRUE
2015;2023.2;25;masculino;solteiro;BRASILEIRA;DESISTENCIA;sisu;2023.2;L1;PUBLICA;14102100;2023;FALSE;FALSE;TRUE
2018;2023.2;23;masculino;solteiro;BRASILEIRA;ABANDONO;sisu;2023.2;L5;PUBLICA;14102100;2023;FALSE;FALSE;TRUE
2016;2023.2;26;masculino;desconhecido;BRASILEIRA;DESISTENCIA;sisu;2023.2;BONUS;PRIVADA;14102100;2023;FALSE;FALSE;TRUE
2022;2023.2;20;feminino;solteiro;BRASILEIRA;ABANDONO;sisu;2023.2;BONUS;PRIVADA;14102100;2023;FALSE;FALSE;TRUE
2006;2024.1;36;masculino;solteiro;BRASILEIRA;EXPULSAO;sisu;2023.2;BONUS;MAJORITARIAMENTE_PRIVADA;14102100;2023;FALSE;FALSE;TRUE
2020;2024.1;31;masculino;solteiro;BRASILEIRA;EXPULSAO;sisu;2023.2;L6;PUBLICA;14102100;2023;FALSE;FALSE;TRUE
2023;2023.2;19;feminino;desconhecido;BRASILEIRA;DESISTENCIA;sisu;2023.2;L2;PUBLICA;14102100;2023;FALSE;FALSE;TRUE
2017;2023.2;24;feminino;desconhecido;BRASILEIRA;DESISTENCIA;sisu;2023.2;L6;PUBLICA;14102100;2023;FALSE;FALSE;TRUE
2022;2023.2;20;masculino;solteiro;BRASILEIRA;ABANDONO;sisu;2023.2;L2;PUBLICA;14102100;2023;FALSE;FALSE;TRUE
